Agent_ID,Recency,Frequency,Avg_Delivery_Time,R_score,F_score,M_score,RFM_Score,Segment
AGRRES010DEL01,47,14,24.5,2,2,4,224,Slow Performer
AGRRES010DEL02,47,15,28.8,2,2,1,221,Average
AGRRES010DEL03,47,13,27.615384615384617,2,1,1,211,Average
AGRRES01DEL01,47,12,26.833333333333332,2,1,2,212,Average
AGRRES01DEL02,47,14,24.428571428571427,2,2,4,224,Slow Performer
AGRRES01DEL03,47,14,23.928571428571427,2,2,4,224,Slow Performer
AGRRES02DEL01,47,11,30.818181818181817,2,1,1,211,Average
AGRRES02DEL02,47,10,26.7,2,1,2,212,Average
AGRRES02DEL03,48,8,25.5,1,1,3,113,Average
AGRRES03DEL01,47,13,28.76923076923077,2,1,1,211,Average
AGRRES03DEL02,47,12,21.25,2,1,4,214,Slow Performer
AGRRES03DEL03,47,13,24.153846153846153,2,1,4,214,Slow Performer
AGRRES04DEL01,47,12,26.333333333333332,2,1,2,212,Average
AGRRES04DEL02,47,12,28.916666666666668,2,1,1,211,Average
AGRRES04DEL03,48,11,27.09090909090909,1,1,2,112,Average
AGRRES05DEL01,47,9,24.555555555555557,2,1,4,214,Slow Performer
AGRRES05DEL02,47,14,27.357142857142858,2,2,2,222,Average
AGRRES05DEL03,47,15,24.6,2,2,4,224,Slow Performer
AGRRES06DEL01,47,14,25.857142857142858,2,2,3,223,Average
AGRRES06DEL02,47,12,24.333333333333332,2,1,4,214,Slow Performer
AGRRES06DEL03,47,10,24.9,2,1,4,214,Slow Performer
AGRRES07DEL01,47,11,30.181818181818183,2,1,1,211,Average
AGRRES07DEL02,47,13,25.615384615384617,2,1,3,213,Average
AGRRES07DEL03,47,15,28.266666666666666,2,2,1,221,Average
AGRRES08DEL01,47,11,30.272727272727273,2,1,1,211,Average
AGRRES08DEL02,47,15,29.933333333333334,2,2,1,221,Average
AGRRES08DEL03,47,16,23.4375,2,2,4,224,Slow Performer
AGRRES09DEL01,47,13,27.846153846153847,2,1,1,211,Average
AGRRES09DEL02,48,15,23.8,1,2,4,124,Slow Performer
AGRRES09DEL03,48,10,29.0,1,1,1,111,Average
AGRRES11DEL01,47,15,26.266666666666666,2,2,3,223,Average
AGRRES11DEL02,47,8,25.5,2,1,3,213,Average
AGRRES11DEL03,47,13,25.692307692307693,2,1,3,213,Average
AGRRES12DEL01,47,12,23.333333333333332,2,1,4,214,Slow Performer
AGRRES12DEL02,47,15,27.933333333333334,2,2,1,221,Average
AGRRES12DEL03,47,16,26.6875,2,2,2,222,Average
AGRRES13DEL01,47,14,28.714285714285715,2,2,1,221,Average
AGRRES13DEL02,47,14,29.5,2,2,1,221,Average
AGRRES13DEL03,47,13,28.384615384615383,2,1,1,211,Average
AGRRES14DEL01,47,12,28.25,2,1,1,211,Average
AGRRES14DEL02,47,13,27.53846153846154,2,1,1,211,Average
AGRRES14DEL03,47,13,27.46153846153846,2,1,2,212,Average
AGRRES15DEL01,47,13,25.46153846153846,2,1,3,213,Average
AGRRES15DEL02,47,12,25.166666666666668,2,1,4,214,Slow Performer
AGRRES15DEL03,47,12,23.0,2,1,4,214,Slow Performer
AGRRES16DEL01,47,13,27.76923076923077,2,1,1,211,Average
AGRRES16DEL02,47,15,29.066666666666666,2,2,1,221,Average
AGRRES16DEL03,47,9,28.22222222222222,2,1,1,211,Average
AGRRES17DEL01,47,12,33.666666666666664,2,1,1,211,Average
AGRRES17DEL02,47,15,26.0,2,2,3,223,Average
AGRRES17DEL03,47,14,26.357142857142858,2,2,2,222,Average
AGRRES18DEL01,47,12,26.083333333333332,2,1,3,213,Average
AGRRES18DEL02,47,12,25.25,2,1,3,213,Average
AGRRES18DEL03,47,15,24.733333333333334,2,2,4,224,Slow Performer
AGRRES19DEL01,47,13,26.76923076923077,2,2,2,222,Average
AGRRES19DEL02,47,11,27.727272727272727,2,1,1,211,Average
AGRRES19DEL03,48,12,28.666666666666668,1,1,1,111,Average
AGRRES20DEL01,47,14,28.285714285714285,2,2,1,221,Average
AGRRES20DEL02,47,11,24.454545454545453,2,1,4,214,Slow Performer
AGRRES20DEL03,47,13,21.76923076923077,2,2,4,224,Slow Performer
ALHRES010DEL01,47,14,32.214285714285715,2,2,1,221,Average
ALHRES010DEL02,47,12,26.75,2,1,2,212,Average
ALHRES010DEL03,48,10,25.7,1,1,3,113,Average
ALHRES01DEL01,47,11,25.363636363636363,2,1,3,213,Average
ALHRES01DEL02,47,13,26.53846153846154,2,2,2,222,Average
ALHRES01DEL03,47,11,27.272727272727273,2,1,2,212,Average
ALHRES02DEL01,49,10,26.7,1,1,2,112,Average
ALHRES02DEL02,47,10,24.2,2,1,4,214,Slow Performer
ALHRES02DEL03,47,11,27.181818181818183,2,1,2,212,Average
ALHRES03DEL01,47,12,31.75,2,1,1,211,Average
ALHRES03DEL02,47,13,27.307692307692307,2,2,2,222,Average
ALHRES03DEL03,47,12,28.083333333333332,2,1,1,211,Average
ALHRES04DEL01,47,11,25.454545454545453,2,1,3,213,Average
ALHRES04DEL02,47,13,22.923076923076923,2,2,4,224,Slow Performer
ALHRES04DEL03,48,9,26.22222222222222,1,1,3,113,Average
ALHRES05DEL01,47,11,23.636363636363637,2,1,4,214,Slow Performer
ALHRES05DEL02,47,16,23.625,2,2,4,224,Slow Performer
ALHRES05DEL03,47,14,30.071428571428573,2,2,1,221,Average
ALHRES06DEL01,47,12,23.583333333333332,2,1,4,214,Slow Performer
ALHRES06DEL02,47,13,24.0,2,2,4,224,Slow Performer
ALHRES06DEL03,47,9,26.555555555555557,2,1,2,212,Average
ALHRES07DEL01,47,15,27.133333333333333,2,2,2,222,Average
ALHRES07DEL02,47,13,29.46153846153846,2,2,1,221,Average
ALHRES07DEL03,47,14,28.785714285714285,2,2,1,221,Average
ALHRES08DEL01,48,13,26.53846153846154,1,2,2,122,Average
ALHRES08DEL02,47,13,27.23076923076923,2,2,2,222,Average
ALHRES08DEL03,47,12,27.416666666666668,2,1,2,212,Average
ALHRES09DEL01,47,11,25.727272727272727,2,1,3,213,Average
ALHRES09DEL02,47,13,25.846153846153847,2,2,3,223,Average
ALHRES09DEL03,47,9,24.444444444444443,2,1,4,214,Slow Performer
ALHRES11DEL01,48,15,24.333333333333332,1,2,4,124,Slow Performer
ALHRES11DEL02,47,11,27.181818181818183,2,1,2,212,Average
ALHRES11DEL03,47,10,25.6,2,1,3,213,Average
ALHRES12DEL01,47,12,35.0,2,1,1,211,Average
ALHRES12DEL02,47,14,25.214285714285715,2,2,3,223,Average
ALHRES12DEL03,47,12,26.666666666666668,2,1,2,212,Average
ALHRES13DEL01,47,9,22.666666666666668,2,1,4,214,Slow Performer
ALHRES13DEL02,47,13,26.153846153846153,2,2,3,223,Average
ALHRES13DEL03,47,10,27.4,2,1,2,212,Average
ALHRES14DEL01,47,15,28.866666666666667,2,2,1,221,Average
ALHRES14DEL02,47,15,25.0,2,2,4,224,Slow Performer
ALHRES14DEL03,47,14,26.5,2,2,2,222,Average
ALHRES15DEL01,47,13,30.076923076923077,2,2,1,221,Average
ALHRES15DEL02,47,12,25.416666666666668,2,1,3,213,Average
ALHRES15DEL03,47,15,25.533333333333335,2,2,3,223,Average
ALHRES16DEL01,47,9,29.0,2,1,1,211,Average
ALHRES16DEL02,47,13,30.0,2,2,1,221,Average
ALHRES16DEL03,47,10,24.5,2,1,4,214,Slow Performer
ALHRES17DEL01,47,14,26.928571428571427,2,2,2,222,Average
ALHRES17DEL02,47,13,28.53846153846154,2,2,1,221,Average
ALHRES17DEL03,48,14,31.5,1,2,1,121,Average
ALHRES18DEL01,47,13,27.53846153846154,2,2,1,221,Average
ALHRES18DEL02,47,13,32.15384615384615,2,2,1,221,Average
ALHRES18DEL03,47,12,27.5,2,1,1,211,Average
ALHRES19DEL01,48,11,28.272727272727273,1,1,1,111,Average
ALHRES19DEL02,47,12,24.916666666666668,2,1,4,214,Slow Performer
ALHRES19DEL03,47,13,26.153846153846153,2,2,3,223,Average
ALHRES20DEL01,47,15,24.866666666666667,2,2,4,224,Slow Performer
ALHRES20DEL02,47,16,28.3125,2,2,1,221,Average
ALHRES20DEL03,47,12,28.75,2,1,1,211,Average
AURGRES010DEL01,47,12,28.5,2,1,1,211,Average
AURGRES010DEL02,47,11,28.818181818181817,2,1,1,211,Average
AURGRES010DEL03,47,11,30.727272727272727,2,1,1,211,Average
AURGRES01DEL01,47,12,27.166666666666668,2,1,2,212,Average
AURGRES01DEL02,47,12,27.583333333333332,2,1,1,211,Average
AURGRES01DEL03,47,9,29.0,2,1,1,211,Average
AURGRES02DEL01,47,14,28.785714285714285,2,2,1,221,Average
AURGRES02DEL02,47,14,26.928571428571427,2,2,2,222,Average
AURGRES02DEL03,48,10,24.2,1,1,4,114,Slow Performer
AURGRES03DEL01,47,13,28.46153846153846,2,2,1,221,Average
AURGRES03DEL02,47,13,27.846153846153847,2,2,1,221,Average
AURGRES03DEL03,48,11,24.90909090909091,1,1,4,114,Slow Performer
AURGRES04DEL01,47,14,27.285714285714285,2,2,2,222,Average
AURGRES04DEL02,47,15,24.8,2,2,4,224,Slow Performer
AURGRES04DEL03,48,11,26.727272727272727,1,1,2,112,Average
AURGRES05DEL01,47,15,27.266666666666666,2,2,2,222,Average
AURGRES05DEL02,47,15,29.266666666666666,2,2,1,221,Average
AURGRES05DEL03,48,9,29.11111111111111,1,1,1,111,Average
AURGRES06DEL01,47,11,28.545454545454547,2,1,1,211,Average
AURGRES06DEL02,47,11,25.09090909090909,2,1,4,214,Slow Performer
AURGRES06DEL03,48,8,26.75,1,1,2,112,Average
AURGRES07DEL01,47,12,27.916666666666668,2,1,1,211,Average
AURGRES07DEL02,47,12,25.166666666666668,2,1,4,214,Slow Performer
AURGRES07DEL03,48,9,25.333333333333332,1,1,3,113,Average
AURGRES08DEL01,47,14,26.285714285714285,2,2,2,222,Average
AURGRES08DEL02,47,14,26.857142857142858,2,2,2,222,Average
AURGRES08DEL03,48,9,22.333333333333332,1,1,4,114,Slow Performer
AURGRES09DEL01,47,11,25.0,2,1,4,214,Slow Performer
AURGRES09DEL02,48,13,22.846153846153847,1,2,4,124,Slow Performer
AURGRES09DEL03,47,10,29.4,2,1,1,211,Average
AURGRES11DEL01,47,12,27.75,2,1,1,211,Average
AURGRES11DEL02,47,13,24.384615384615383,2,2,4,224,Slow Performer
AURGRES11DEL03,48,7,28.571428571428573,1,1,1,111,Average
AURGRES12DEL01,47,10,26.3,2,1,2,212,Average
AURGRES12DEL02,47,14,26.214285714285715,2,2,3,223,Average
AURGRES12DEL03,47,9,29.555555555555557,2,1,1,211,Average
AURGRES13DEL01,47,12,28.0,2,1,1,211,Average
AURGRES13DEL02,47,13,25.923076923076923,2,2,3,223,Average
AURGRES13DEL03,48,7,25.428571428571427,1,1,3,113,Average
AURGRES14DEL01,47,15,25.266666666666666,2,2,3,223,Average
AURGRES14DEL02,47,13,31.692307692307693,2,2,1,221,Average
AURGRES14DEL03,47,11,24.272727272727273,2,1,4,214,Slow Performer
AURGRES15DEL01,48,11,25.90909090909091,1,1,3,113,Average
AURGRES15DEL02,47,13,28.46153846153846,2,2,1,221,Average
AURGRES15DEL03,47,9,25.0,2,1,4,214,Slow Performer
AURGRES16DEL01,47,15,28.666666666666668,2,2,1,221,Average
AURGRES16DEL02,47,15,25.2,2,2,4,224,Slow Performer
AURGRES16DEL03,47,11,27.545454545454547,2,1,1,211,Average
AURGRES17DEL01,47,15,26.933333333333334,2,2,2,222,Average
AURGRES17DEL02,48,14,28.714285714285715,1,2,1,121,Average
AURGRES17DEL03,47,8,27.5,2,1,1,211,Average
AURGRES18DEL01,47,13,27.153846153846153,2,2,2,222,Average
AURGRES18DEL02,48,10,23.2,1,1,4,114,Slow Performer
AURGRES18DEL03,47,9,26.88888888888889,2,1,2,212,Average
AURGRES19DEL01,47,8,24.875,2,1,4,214,Slow Performer
AURGRES19DEL02,47,14,26.357142857142858,2,2,2,222,Average
AURGRES19DEL03,47,10,23.9,2,1,4,214,Slow Performer
AURGRES20DEL01,47,14,24.0,2,2,4,224,Slow Performer
AURGRES20DEL02,47,13,22.76923076923077,2,2,4,224,Slow Performer
AURGRES20DEL03,47,10,21.5,2,1,4,214,Slow Performer
BANGRES010DEL01,0,61,26.81967213114754,4,4,2,442,High Frequency
BANGRES010DEL02,0,60,24.95,4,4,4,444,Top Performer
BANGRES010DEL03,0,42,26.952380952380953,4,3,2,432,Average
BANGRES01DEL01,0,59,27.52542372881356,4,4,1,441,High Frequency
BANGRES01DEL02,0,62,27.35483870967742,4,4,2,442,High Frequency
BANGRES01DEL03,0,41,26.682926829268293,4,2,2,422,Average
BANGRES02DEL01,0,55,27.21818181818182,4,3,2,432,Average
BANGRES02DEL02,0,60,27.033333333333335,4,4,2,442,High Frequency
BANGRES02DEL03,0,44,25.977272727272727,4,3,3,433,Average
BANGRES03DEL01,0,65,25.138461538461538,4,4,4,444,Top Performer
BANGRES03DEL02,0,59,26.440677966101696,4,4,2,442,High Frequency
BANGRES03DEL03,0,47,25.02127659574468,4,3,4,434,Slow Performer
BANGRES04DEL01,0,59,25.271186440677965,4,4,3,443,High Frequency
BANGRES04DEL02,0,56,26.785714285714285,4,3,2,432,Average
BANGRES04DEL03,1,40,25.775,3,2,3,323,Average
BANGRES05DEL01,0,56,26.839285714285715,4,3,2,432,Average
BANGRES05DEL02,0,62,25.903225806451612,4,4,3,443,High Frequency
BANGRES05DEL03,0,48,25.5,4,3,3,433,Average
BANGRES06DEL01,0,62,27.741935483870968,4,4,1,441,High Frequency
BANGRES06DEL02,1,56,25.946428571428573,3,3,3,333,Average
BANGRES06DEL03,0,41,24.609756097560975,4,2,4,424,Slow Performer
BANGRES07DEL01,0,58,27.25862068965517,4,4,2,442,High Frequency
BANGRES07DEL02,0,65,27.892307692307693,4,4,1,441,High Frequency
BANGRES07DEL03,0,44,25.227272727272727,4,3,3,433,Average
BANGRES08DEL01,0,55,27.636363636363637,4,3,1,431,Average
BANGRES08DEL02,0,58,25.344827586206897,4,4,3,443,High Frequency
BANGRES08DEL03,0,38,25.0,4,2,4,424,Slow Performer
BANGRES09DEL01,0,63,26.936507936507937,4,4,2,442,High Frequency
BANGRES09DEL02,0,53,26.07547169811321,4,3,3,433,Average
BANGRES09DEL03,0,42,26.142857142857142,4,3,3,433,Average
BANGRES11DEL01,0,58,25.96551724137931,4,4,3,443,High Frequency
BANGRES11DEL02,0,55,25.072727272727274,4,3,4,434,Slow Performer
BANGRES11DEL03,0,39,24.564102564102566,4,2,4,424,Slow Performer
BANGRES12DEL01,0,57,26.017543859649123,4,4,3,443,High Frequency
BANGRES12DEL02,0,56,25.303571428571427,4,3,3,433,Average
BANGRES12DEL03,0,45,27.711111111111112,4,3,1,431,Average
BANGRES13DEL01,0,60,26.916666666666668,4,4,2,442,High Frequency
BANGRES13DEL02,0,60,26.316666666666666,4,4,2,442,High Frequency
BANGRES13DEL03,1,40,25.65,3,2,3,323,Average
BANGRES14DEL01,0,62,27.338709677419356,4,4,2,442,High Frequency
BANGRES14DEL02,0,59,25.54237288135593,4,4,3,443,High Frequency
BANGRES14DEL03,0,45,25.711111111111112,4,3,3,433,Average
BANGRES15DEL01,0,58,26.67241379310345,4,4,2,442,High Frequency
BANGRES15DEL02,0,59,23.06779661016949,4,4,4,444,Top Performer
BANGRES15DEL03,0,45,23.266666666666666,4,3,4,434,Slow Performer
BANGRES16DEL01,0,58,26.74137931034483,4,4,2,442,High Frequency
BANGRES16DEL02,1,63,27.841269841269842,3,4,1,341,High Frequency
BANGRES16DEL03,0,44,24.15909090909091,4,3,4,434,Slow Performer
BANGRES17DEL01,1,57,25.771929824561404,3,4,3,343,High Frequency
BANGRES17DEL02,0,58,25.017241379310345,4,4,4,444,Top Performer
BANGRES17DEL03,0,45,23.377777777777776,4,3,4,434,Slow Performer
BANGRES18DEL01,0,54,28.203703703703702,4,3,1,431,Average
BANGRES18DEL02,1,55,25.12727272727273,3,3,4,334,Slow Performer
BANGRES18DEL03,0,47,25.617021276595743,4,3,3,433,Average
BANGRES19DEL01,0,54,25.833333333333332,4,3,3,433,Average
BANGRES19DEL02,0,59,26.10169491525424,4,4,3,443,High Frequency
BANGRES19DEL03,0,39,25.923076923076923,4,2,3,423,Average
BANGRES20DEL01,1,55,25.89090909090909,3,3,3,333,Average
BANGRES20DEL02,0,55,24.4,4,3,4,434,Slow Performer
BANGRES20DEL03,2,41,25.024390243902438,2,2,4,224,Slow Performer
BHPRES010DEL01,47,13,30.46153846153846,2,2,1,221,Average
BHPRES010DEL02,47,15,23.133333333333333,2,2,4,224,Slow Performer
BHPRES010DEL03,50,5,30.0,1,1,1,111,Average
BHPRES01DEL01,47,12,23.75,2,1,4,214,Slow Performer
BHPRES01DEL02,47,15,26.466666666666665,2,2,2,222,Average
BHPRES01DEL03,48,9,23.77777777777778,1,1,4,114,Slow Performer
BHPRES02DEL01,47,16,27.5,2,2,1,221,Average
BHPRES02DEL02,47,10,25.0,2,1,4,214,Slow Performer
BHPRES02DEL03,47,10,23.0,2,1,4,214,Slow Performer
BHPRES03DEL01,47,15,26.466666666666665,2,2,2,222,Average
BHPRES03DEL02,47,13,31.307692307692307,2,2,1,221,Average
BHPRES03DEL03,48,10,23.7,1,1,4,114,Slow Performer
BHPRES04DEL01,47,11,23.09090909090909,2,1,4,214,Slow Performer
BHPRES04DEL02,47,11,22.363636363636363,2,1,4,214,Slow Performer
BHPRES04DEL03,47,10,27.9,2,1,1,211,Average
BHPRES05DEL01,47,13,27.846153846153847,2,2,1,221,Average
BHPRES05DEL02,47,12,26.833333333333332,2,1,2,212,Average
BHPRES05DEL03,47,12,24.0,2,1,4,214,Slow Performer
BHPRES06DEL01,47,14,29.714285714285715,2,2,1,221,Average
BHPRES06DEL02,47,11,24.272727272727273,2,1,4,214,Slow Performer
BHPRES06DEL03,47,8,26.875,2,1,2,212,Average
BHPRES07DEL01,47,13,31.076923076923077,2,2,1,221,Average
BHPRES07DEL02,47,16,28.8125,2,2,1,221,Average
BHPRES07DEL03,47,10,26.7,2,1,2,212,Average
BHPRES08DEL01,47,12,24.666666666666668,2,1,4,214,Slow Performer
BHPRES08DEL02,47,15,27.8,2,2,1,221,Average
BHPRES08DEL03,47,8,22.375,2,1,4,214,Slow Performer
BHPRES09DEL01,47,12,24.083333333333332,2,1,4,214,Slow Performer
BHPRES09DEL02,47,13,26.615384615384617,2,2,2,222,Average
BHPRES09DEL03,47,8,28.375,2,1,1,211,Average
BHPRES11DEL01,47,12,27.916666666666668,2,1,1,211,Average
BHPRES11DEL02,47,13,28.46153846153846,2,2,1,221,Average
BHPRES11DEL03,48,8,24.125,1,1,4,114,Slow Performer
BHPRES12DEL01,47,15,30.933333333333334,2,2,1,221,Average
BHPRES12DEL02,47,13,26.23076923076923,2,2,3,223,Average
BHPRES12DEL03,48,10,25.6,1,1,3,113,Average
BHPRES13DEL01,47,13,29.153846153846153,2,2,1,221,Average
BHPRES13DEL02,47,12,31.166666666666668,2,1,1,211,Average
BHPRES13DEL03,48,11,29.0,1,1,1,111,Average
BHPRES14DEL01,47,13,22.53846153846154,2,2,4,224,Slow Performer
BHPRES14DEL02,47,9,23.77777777777778,2,1,4,214,Slow Performer
BHPRES14DEL03,47,10,31.2,2,1,1,211,Average
BHPRES15DEL01,47,12,27.25,2,1,2,212,Average
BHPRES15DEL02,47,13,27.53846153846154,2,2,1,221,Average
BHPRES15DEL03,48,7,20.142857142857142,1,1,4,114,Slow Performer
BHPRES16DEL01,47,14,25.214285714285715,2,2,3,223,Average
BHPRES16DEL02,47,11,30.727272727272727,2,1,1,211,Average
BHPRES16DEL03,47,10,27.6,2,1,1,211,Average
BHPRES17DEL01,47,10,28.1,2,1,1,211,Average
BHPRES17DEL02,47,11,26.727272727272727,2,1,2,212,Average
BHPRES17DEL03,47,8,26.375,2,1,2,212,Average
BHPRES18DEL01,47,13,25.23076923076923,2,2,3,223,Average
BHPRES18DEL02,47,11,26.272727272727273,2,1,3,213,Average
BHPRES18DEL03,48,10,27.7,1,1,1,111,Average
BHPRES19DEL01,47,14,30.571428571428573,2,2,1,221,Average
BHPRES19DEL02,47,12,25.083333333333332,2,1,4,214,Slow Performer
BHPRES19DEL03,47,9,24.555555555555557,2,1,4,214,Slow Performer
BHPRES20DEL01,47,12,26.25,2,1,3,213,Average
BHPRES20DEL02,47,13,27.384615384615383,2,2,2,222,Average
BHPRES20DEL03,48,10,28.7,1,1,1,111,Average
CHENRES010DEL01,0,58,25.17241379310345,4,4,4,444,Top Performer
CHENRES010DEL02,0,58,25.25862068965517,4,4,3,443,High Frequency
CHENRES010DEL03,0,47,27.106382978723403,4,3,2,432,Average
CHENRES01DEL01,0,54,26.37037037037037,4,3,2,432,Average
CHENRES01DEL02,0,60,25.733333333333334,4,4,3,443,High Frequency
CHENRES01DEL03,0,47,25.0,4,3,4,434,Slow Performer
CHENRES02DEL01,0,60,27.966666666666665,4,4,1,441,High Frequency
CHENRES02DEL02,0,61,25.049180327868854,4,4,4,444,Top Performer
CHENRES02DEL03,0,36,26.88888888888889,4,2,2,422,Average
CHENRES03DEL01,0,56,30.571428571428573,4,3,1,431,Average
CHENRES03DEL02,0,52,23.653846153846153,4,3,4,434,Slow Performer
CHENRES03DEL03,0,41,26.414634146341463,4,2,2,422,Average
CHENRES04DEL01,0,55,28.2,4,3,1,431,Average
CHENRES04DEL02,0,62,27.403225806451612,4,4,2,442,High Frequency
CHENRES04DEL03,1,42,25.095238095238095,3,3,4,334,Slow Performer
CHENRES05DEL01,0,60,25.95,4,4,3,443,High Frequency
CHENRES05DEL02,0,60,26.9,4,4,2,442,High Frequency
CHENRES05DEL03,0,48,27.333333333333332,4,3,2,432,Average
CHENRES06DEL01,0,56,29.017857142857142,4,3,1,431,Average
CHENRES06DEL02,0,56,24.089285714285715,4,3,4,434,Slow Performer
CHENRES06DEL03,0,44,26.09090909090909,4,3,3,433,Average
CHENRES07DEL01,1,61,27.60655737704918,3,4,1,341,High Frequency
CHENRES07DEL02,0,57,25.29824561403509,4,4,3,443,High Frequency
CHENRES07DEL03,0,41,27.682926829268293,4,2,1,421,Average
CHENRES08DEL01,0,50,25.76,4,3,3,433,Average
CHENRES08DEL02,0,54,23.59259259259259,4,3,4,434,Slow Performer
CHENRES08DEL03,0,44,24.295454545454547,4,3,4,434,Slow Performer
CHENRES09DEL01,0,59,26.372881355932204,4,4,2,442,High Frequency
CHENRES09DEL02,0,55,27.90909090909091,4,3,1,431,Average
CHENRES09DEL03,0,37,24.513513513513512,4,2,4,424,Slow Performer
CHENRES11DEL01,0,62,24.838709677419356,4,4,4,444,Top Performer
CHENRES11DEL02,0,58,28.137931034482758,4,4,1,441,High Frequency
CHENRES11DEL03,1,40,25.175,3,2,4,324,Slow Performer
CHENRES12DEL01,0,56,26.785714285714285,4,3,2,432,Average
CHENRES12DEL02,0,63,25.555555555555557,4,4,3,443,High Frequency
CHENRES12DEL03,0,43,25.74418604651163,4,3,3,433,Average
CHENRES13DEL01,1,56,28.357142857142858,3,3,1,331,Average
CHENRES13DEL02,0,54,26.85185185185185,4,3,2,432,Average
CHENRES13DEL03,0,41,28.75609756097561,4,2,1,421,Average
CHENRES14DEL01,0,52,30.096153846153847,4,3,1,431,Average
CHENRES14DEL02,0,58,25.551724137931036,4,4,3,443,High Frequency
CHENRES14DEL03,1,42,26.642857142857142,3,3,2,332,Average
CHENRES15DEL01,0,58,27.32758620689655,4,4,2,442,High Frequency
CHENRES15DEL02,0,58,27.448275862068964,4,4,2,442,High Frequency
CHENRES15DEL03,1,43,25.348837209302324,3,3,3,333,Average
CHENRES16DEL01,0,57,26.105263157894736,4,4,3,443,High Frequency
CHENRES16DEL02,0,63,26.253968253968253,4,4,3,443,High Frequency
CHENRES16DEL03,0,45,26.2,4,3,3,433,Average
CHENRES17DEL01,0,50,26.98,4,3,2,432,Average
CHENRES17DEL02,0,56,25.0,4,3,4,434,Slow Performer
CHENRES17DEL03,0,45,25.377777777777776,4,3,3,433,Average
CHENRES18DEL01,0,61,26.278688524590162,4,4,3,443,High Frequency
CHENRES18DEL02,0,53,24.20754716981132,4,3,4,434,Slow Performer
CHENRES18DEL03,0,38,25.44736842105263,4,2,3,423,Average
CHENRES19DEL01,0,58,27.586206896551722,4,4,1,441,High Frequency
CHENRES19DEL02,0,55,25.2,4,3,4,434,Slow Performer
CHENRES19DEL03,0,46,25.782608695652176,4,3,3,433,Average
CHENRES20DEL01,0,58,25.982758620689655,4,4,3,443,High Frequency
CHENRES20DEL02,0,59,27.71186440677966,4,4,1,441,High Frequency
CHENRES20DEL03,1,45,24.533333333333335,3,3,4,334,Slow Performer
COIMBRES010DEL01,0,57,26.94736842105263,4,4,2,442,High Frequency
COIMBRES010DEL02,0,64,26.21875,4,4,3,443,High Frequency
COIMBRES010DEL03,1,44,26.886363636363637,3,3,2,332,Average
COIMBRES01DEL01,0,48,27.395833333333332,4,3,2,432,Average
COIMBRES01DEL02,0,55,24.0,4,3,4,434,Slow Performer
COIMBRES01DEL03,0,48,24.875,4,3,4,434,Slow Performer
COIMBRES02DEL01,0,63,27.238095238095237,4,4,2,442,High Frequency
COIMBRES02DEL02,0,56,26.446428571428573,4,3,2,432,Average
COIMBRES02DEL03,1,46,25.195652173913043,3,3,4,334,Slow Performer
COIMBRES03DEL01,0,61,27.59016393442623,4,4,1,441,High Frequency
COIMBRES03DEL02,0,59,25.152542372881356,4,4,4,444,Top Performer
COIMBRES03DEL03,0,48,24.083333333333332,4,3,4,434,Slow Performer
COIMBRES04DEL01,0,57,26.57894736842105,4,4,2,442,High Frequency
COIMBRES04DEL02,0,59,28.0,4,4,1,441,High Frequency
COIMBRES04DEL03,0,44,23.977272727272727,4,3,4,434,Slow Performer
COIMBRES05DEL01,0,60,26.733333333333334,4,4,2,442,High Frequency
COIMBRES05DEL02,0,53,28.77358490566038,4,3,1,431,Average
COIMBRES05DEL03,1,41,25.048780487804876,3,2,4,324,Slow Performer
COIMBRES06DEL01,0,58,25.586206896551722,4,4,3,443,High Frequency
COIMBRES06DEL02,1,59,24.966101694915253,3,4,4,344,High Frequency
COIMBRES06DEL03,1,43,26.27906976744186,3,3,2,332,Average
COIMBRES07DEL01,0,59,26.25423728813559,4,4,3,443,High Frequency
COIMBRES07DEL02,0,55,25.69090909090909,4,3,3,433,Average
COIMBRES07DEL03,1,43,21.88372093023256,3,3,4,334,Slow Performer
COIMBRES08DEL01,0,62,25.032258064516128,4,4,4,444,Top Performer
COIMBRES08DEL02,0,54,27.59259259259259,4,3,1,431,Average
COIMBRES08DEL03,1,35,25.885714285714286,3,2,3,323,Average
COIMBRES09DEL01,0,60,28.733333333333334,4,4,1,441,High Frequency
COIMBRES09DEL02,0,56,25.714285714285715,4,3,3,433,Average
COIMBRES09DEL03,0,45,23.57777777777778,4,3,4,434,Slow Performer
COIMBRES11DEL01,0,62,27.112903225806452,4,4,2,442,High Frequency
COIMBRES11DEL02,0,62,24.483870967741936,4,4,4,444,Top Performer
COIMBRES11DEL03,1,40,26.4,3,2,2,322,Average
COIMBRES12DEL01,0,58,25.32758620689655,4,4,3,443,High Frequency
COIMBRES12DEL02,0,56,25.267857142857142,4,3,3,433,Average
COIMBRES12DEL03,0,44,26.0,4,3,3,433,Average
COIMBRES13DEL01,1,49,26.306122448979593,3,3,2,332,Average
COIMBRES13DEL02,0,60,26.683333333333334,4,4,2,442,High Frequency
COIMBRES13DEL03,0,41,25.73170731707317,4,2,3,423,Average
COIMBRES14DEL01,0,59,26.71186440677966,4,4,2,442,High Frequency
COIMBRES14DEL02,0,53,27.09433962264151,4,3,2,432,Average
COIMBRES14DEL03,0,46,23.891304347826086,4,3,4,434,Slow Performer
COIMBRES15DEL01,0,58,27.948275862068964,4,4,1,441,High Frequency
COIMBRES15DEL02,0,58,26.75862068965517,4,4,2,442,High Frequency
COIMBRES15DEL03,0,43,25.558139534883722,4,3,3,433,Average
COIMBRES16DEL01,0,56,28.464285714285715,4,3,1,431,Average
COIMBRES16DEL02,0,58,29.086206896551722,4,4,1,441,High Frequency
COIMBRES16DEL03,0,44,27.863636363636363,4,3,1,431,Average
COIMBRES17DEL01,1,56,29.0,3,3,1,331,Average
COIMBRES17DEL02,1,57,26.210526315789473,3,4,3,343,High Frequency
COIMBRES17DEL03,0,45,25.11111111111111,4,3,4,434,Slow Performer
COIMBRES18DEL01,0,56,26.517857142857142,4,3,2,432,Average
COIMBRES18DEL02,0,58,26.24137931034483,4,4,3,443,High Frequency
COIMBRES18DEL03,0,42,24.547619047619047,4,3,4,434,Slow Performer
COIMBRES19DEL01,1,55,26.927272727272726,3,3,2,332,Average
COIMBRES19DEL02,0,58,27.75862068965517,4,4,1,441,High Frequency
COIMBRES19DEL03,0,44,26.522727272727273,4,3,2,432,Average
COIMBRES20DEL01,0,56,26.410714285714285,4,3,2,432,Average
COIMBRES20DEL02,0,56,26.571428571428573,4,3,2,432,Average
COIMBRES20DEL03,0,47,26.617021276595743,4,3,2,432,Average
DEHRES010DEL01,47,15,25.266666666666666,2,2,3,223,Average
DEHRES010DEL02,47,13,25.846153846153847,2,2,3,223,Average
DEHRES010DEL03,47,13,24.76923076923077,2,2,4,224,Slow Performer
DEHRES01DEL01,47,15,29.2,2,2,1,221,Average
DEHRES01DEL02,47,14,28.642857142857142,2,2,1,221,Average
DEHRES01DEL03,47,9,28.555555555555557,2,1,1,211,Average
DEHRES02DEL01,47,14,21.928571428571427,2,2,4,224,Slow Performer
DEHRES02DEL02,47,11,24.363636363636363,2,1,4,214,Slow Performer
DEHRES02DEL03,47,9,28.88888888888889,2,1,1,211,Average
DEHRES03DEL01,47,13,22.923076923076923,2,2,4,224,Slow Performer
DEHRES03DEL02,47,11,24.818181818181817,2,1,4,214,Slow Performer
DEHRES03DEL03,47,13,29.46153846153846,2,2,1,221,Average
DEHRES04DEL01,47,13,29.692307692307693,2,2,1,221,Average
DEHRES04DEL02,48,12,28.25,1,1,1,111,Average
DEHRES04DEL03,47,15,27.0,2,2,2,222,Average
DEHRES05DEL01,47,13,26.153846153846153,2,2,3,223,Average
DEHRES05DEL02,47,10,27.1,2,1,2,212,Average
DEHRES05DEL03,47,12,26.916666666666668,2,1,2,212,Average
DEHRES06DEL01,47,12,28.0,2,1,1,211,Average
DEHRES06DEL02,47,15,26.4,2,2,2,222,Average
DEHRES06DEL03,47,15,29.133333333333333,2,2,1,221,Average
DEHRES07DEL01,47,14,25.571428571428573,2,2,3,223,Average
DEHRES07DEL02,47,12,28.083333333333332,2,1,1,211,Average
DEHRES07DEL03,47,14,22.857142857142858,2,2,4,224,Slow Performer
DEHRES08DEL01,47,14,26.0,2,2,3,223,Average
DEHRES08DEL02,47,11,26.90909090909091,2,1,2,212,Average
DEHRES08DEL03,47,11,27.818181818181817,2,1,1,211,Average
DEHRES09DEL01,47,13,29.153846153846153,2,2,1,221,Average
DEHRES09DEL02,47,12,32.083333333333336,2,1,1,211,Average
DEHRES09DEL03,47,16,28.9375,2,2,1,221,Average
DEHRES11DEL01,47,11,29.545454545454547,2,1,1,211,Average
DEHRES11DEL02,47,15,27.733333333333334,2,2,1,221,Average
DEHRES11DEL03,48,8,25.375,1,1,3,113,Average
DEHRES12DEL01,47,15,26.533333333333335,2,2,2,222,Average
DEHRES12DEL02,47,15,25.933333333333334,2,2,3,223,Average
DEHRES12DEL03,48,8,23.0,1,1,4,114,Slow Performer
DEHRES13DEL01,47,11,29.09090909090909,2,1,1,211,Average
DEHRES13DEL02,47,9,25.77777777777778,2,1,3,213,Average
DEHRES13DEL03,47,12,31.166666666666668,2,1,1,211,Average
DEHRES14DEL01,47,12,27.0,2,1,2,212,Average
DEHRES14DEL02,47,13,23.46153846153846,2,2,4,224,Slow Performer
DEHRES14DEL03,47,12,24.416666666666668,2,1,4,214,Slow Performer
DEHRES15DEL01,47,14,26.714285714285715,2,2,2,222,Average
DEHRES15DEL02,47,11,29.818181818181817,2,1,1,211,Average
DEHRES15DEL03,47,10,30.1,2,1,1,211,Average
DEHRES16DEL01,47,12,27.166666666666668,2,1,2,212,Average
DEHRES16DEL02,47,14,26.571428571428573,2,2,2,222,Average
DEHRES16DEL03,47,11,28.09090909090909,2,1,1,211,Average
DEHRES17DEL01,47,12,19.75,2,1,4,214,Slow Performer
DEHRES17DEL02,47,10,26.0,2,1,3,213,Average
DEHRES17DEL03,47,14,26.142857142857142,2,2,3,223,Average
DEHRES18DEL01,47,10,29.0,2,1,1,211,Average
DEHRES18DEL02,48,12,25.0,1,1,4,114,Slow Performer
DEHRES18DEL03,48,7,26.285714285714285,1,1,2,112,Average
DEHRES19DEL01,47,12,28.166666666666668,2,1,1,211,Average
DEHRES19DEL02,47,13,24.076923076923077,2,2,4,224,Slow Performer
DEHRES19DEL03,47,13,23.46153846153846,2,2,4,224,Slow Performer
DEHRES20DEL01,47,13,26.53846153846154,2,2,2,222,Average
DEHRES20DEL02,47,14,27.928571428571427,2,2,1,221,Average
DEHRES20DEL03,47,10,19.6,2,1,4,214,Slow Performer
GOARES010DEL01,47,12,23.666666666666668,2,1,4,214,Slow Performer
GOARES010DEL02,47,13,22.923076923076923,2,2,4,224,Slow Performer
GOARES010DEL03,47,8,26.625,2,1,2,212,Average
GOARES01DEL01,47,15,23.733333333333334,2,2,4,224,Slow Performer
GOARES01DEL02,47,14,28.214285714285715,2,2,1,221,Average
GOARES01DEL03,48,7,26.142857142857142,1,1,3,113,Average
GOARES02DEL01,47,14,28.285714285714285,2,2,1,221,Average
GOARES02DEL02,47,12,26.833333333333332,2,1,2,212,Average
GOARES02DEL03,47,9,28.333333333333332,2,1,1,211,Average
GOARES03DEL01,47,12,31.083333333333332,2,1,1,211,Average
GOARES03DEL02,47,12,23.75,1,1,4,114,Slow Performer
GOARES03DEL03,47,9,22.0,1,1,4,114,Slow Performer
GOARES04DEL01,47,12,27.083333333333332,1,1,2,112,Average
GOARES04DEL02,47,15,25.333333333333332,1,2,3,123,Average
GOARES04DEL03,50,11,26.636363636363637,1,1,2,112,Average
GOARES05DEL01,48,11,30.363636363636363,1,1,1,111,Average
GOARES05DEL02,47,13,23.153846153846153,1,2,4,124,Slow Performer
GOARES05DEL03,48,8,20.75,1,1,4,114,Slow Performer
GOARES06DEL01,47,11,24.727272727272727,1,1,4,114,Slow Performer
GOARES06DEL02,47,13,27.153846153846153,1,2,2,122,Average
GOARES06DEL03,48,10,23.3,1,1,4,114,Slow Performer
GOARES07DEL01,47,13,25.692307692307693,1,2,3,123,Average
GOARES07DEL02,47,15,24.466666666666665,1,2,4,124,Slow Performer
GOARES07DEL03,47,11,27.90909090909091,1,1,1,111,Average
GOARES08DEL01,47,10,24.2,1,1,4,114,Slow Performer
GOARES08DEL02,47,12,26.416666666666668,1,1,2,112,Average
GOARES08DEL03,47,10,32.4,1,1,1,111,Average
GOARES09DEL01,47,13,25.0,1,2,4,124,Slow Performer
GOARES09DEL02,47,15,29.8,1,2,1,121,Average
GOARES09DEL03,47,11,27.545454545454547,1,1,1,111,Average
GOARES11DEL01,49,8,26.25,1,1,3,113,Average
GOARES11DEL02,47,13,27.46153846153846,1,2,1,121,Average
GOARES11DEL03,47,12,28.75,1,1,1,111,Average
GOARES12DEL01,47,13,22.0,1,2,4,124,Slow Performer
GOARES12DEL02,47,13,24.615384615384617,1,2,4,124,Slow Performer
GOARES12DEL03,48,10,25.6,1,1,3,113,Average
GOARES13DEL01,47,13,25.23076923076923,1,2,3,123,Average
GOARES13DEL02,47,13,24.46153846153846,1,2,4,124,Slow Performer
GOARES13DEL03,47,8,25.0,1,1,4,114,Slow Performer
GOARES14DEL01,47,10,22.1,1,1,4,114,Slow Performer
GOARES14DEL02,47,16,29.3125,1,2,1,121,Average
GOARES14DEL03,47,12,28.666666666666668,1,1,1,111,Average
GOARES15DEL01,47,14,26.714285714285715,1,2,2,122,Average
GOARES15DEL02,47,14,29.571428571428573,1,2,1,121,Average
GOARES15DEL03,47,10,28.7,1,1,1,111,Average
GOARES16DEL01,47,14,23.214285714285715,1,2,4,124,Slow Performer
GOARES16DEL02,47,12,22.583333333333332,1,1,4,114,Slow Performer
GOARES16DEL03,47,9,29.77777777777778,1,1,1,111,Average
GOARES17DEL01,47,14,22.714285714285715,1,2,4,124,Slow Performer
GOARES17DEL02,47,14,25.714285714285715,1,2,3,123,Average
GOARES17DEL03,47,12,26.0,1,1,3,113,Average
GOARES18DEL01,47,14,26.214285714285715,1,2,3,123,Average
GOARES18DEL02,49,12,25.416666666666668,1,1,3,113,Average
GOARES18DEL03,48,10,25.8,1,1,3,113,Average
GOARES19DEL01,47,11,30.818181818181817,1,1,1,111,Average
GOARES19DEL02,48,13,26.53846153846154,1,2,2,122,Average
GOARES19DEL03,48,8,28.25,1,1,1,111,Average
GOARES20DEL01,47,16,27.125,1,2,2,122,Average
GOARES20DEL02,47,12,26.833333333333332,1,1,2,112,Average
GOARES20DEL03,48,8,26.625,1,1,2,112,Average
HYDRES010DEL01,0,57,25.614035087719298,4,4,3,443,High Frequency
HYDRES010DEL02,0,55,28.236363636363638,4,3,1,431,Average
HYDRES010DEL03,0,44,25.272727272727273,4,3,3,433,Average
HYDRES01DEL01,0,58,27.43103448275862,4,4,2,442,High Frequency
HYDRES01DEL02,0,54,25.09259259259259,4,3,4,434,Slow Performer
HYDRES01DEL03,0,42,27.0,4,3,2,432,Average
HYDRES02DEL01,1,63,27.22222222222222,3,4,2,342,High Frequency
HYDRES02DEL02,0,61,25.770491803278688,4,4,3,443,High Frequency
HYDRES02DEL03,0,45,26.022222222222222,4,3,3,433,Average
HYDRES03DEL01,0,60,25.366666666666667,4,4,3,443,High Frequency
HYDRES03DEL02,0,56,27.928571428571427,4,3,1,431,Average
HYDRES03DEL03,1,41,27.902439024390244,3,2,1,321,Average
HYDRES04DEL01,0,52,27.03846153846154,4,3,2,432,Average
HYDRES04DEL02,0,66,27.151515151515152,4,4,2,442,High Frequency
HYDRES04DEL03,0,44,27.636363636363637,4,3,1,431,Average
HYDRES05DEL01,1,56,27.053571428571427,3,3,2,332,Average
HYDRES05DEL02,0,50,24.86,4,3,4,434,Slow Performer
HYDRES05DEL03,2,44,26.34090909090909,2,3,2,232,Average
HYDRES06DEL01,0,59,27.915254237288135,4,4,1,441,High Frequency
HYDRES06DEL02,0,61,24.114754098360656,4,4,4,444,Top Performer
HYDRES06DEL03,0,47,24.872340425531913,4,3,4,434,Slow Performer
HYDRES07DEL01,0,58,26.448275862068964,4,4,2,442,High Frequency
HYDRES07DEL02,0,59,26.559322033898304,4,4,2,442,High Frequency
HYDRES07DEL03,0,39,27.307692307692307,4,2,2,422,Average
HYDRES08DEL01,0,56,25.892857142857142,4,3,3,433,Average
HYDRES08DEL02,0,63,26.904761904761905,4,4,2,442,High Frequency
HYDRES08DEL03,0,43,24.348837209302324,4,3,4,434,Slow Performer
HYDRES09DEL01,0,57,27.29824561403509,4,4,2,442,High Frequency
HYDRES09DEL02,0,60,25.883333333333333,4,4,3,443,High Frequency
HYDRES09DEL03,1,47,24.97872340425532,3,3,4,334,Slow Performer
HYDRES11DEL01,0,61,25.78688524590164,4,4,3,443,High Frequency
HYDRES11DEL02,1,63,25.936507936507937,3,4,3,343,High Frequency
HYDRES11DEL03,0,47,24.95744680851064,4,3,4,434,Slow Performer
HYDRES12DEL01,0,60,28.3,4,4,1,441,High Frequency
HYDRES12DEL02,0,64,24.421875,4,4,4,444,Top Performer
HYDRES12DEL03,1,45,27.4,3,3,2,332,Average
HYDRES13DEL01,0,59,25.728813559322035,4,4,3,443,High Frequency
HYDRES13DEL02,0,62,25.774193548387096,4,4,3,443,High Frequency
HYDRES13DEL03,0,43,26.790697674418606,4,3,2,432,Average
HYDRES14DEL01,0,57,26.94736842105263,4,4,2,442,High Frequency
HYDRES14DEL02,0,53,24.88679245283019,4,3,4,434,Slow Performer
HYDRES14DEL03,0,37,26.945945945945947,4,2,2,422,Average
HYDRES15DEL01,0,59,28.220338983050848,4,4,1,441,High Frequency
HYDRES15DEL02,0,57,27.68421052631579,4,4,1,441,High Frequency
HYDRES15DEL03,2,44,25.477272727272727,2,3,3,233,Average
HYDRES16DEL01,0,53,26.754716981132077,4,3,2,432,Average
HYDRES16DEL02,0,53,28.452830188679247,4,3,1,431,Average
HYDRES16DEL03,0,45,26.466666666666665,4,3,2,432,Average
HYDRES17DEL01,0,59,27.677966101694917,4,4,1,441,High Frequency
HYDRES17DEL02,0,55,24.472727272727273,4,3,4,434,Slow Performer
HYDRES17DEL03,0,41,27.21951219512195,4,2,2,422,Average
HYDRES18DEL01,0,53,28.81132075471698,4,3,1,431,Average
HYDRES18DEL02,1,60,23.3,3,4,4,344,High Frequency
HYDRES18DEL03,1,40,26.95,3,2,2,322,Average
HYDRES19DEL01,0,62,25.29032258064516,4,4,3,443,High Frequency
HYDRES19DEL02,1,51,27.372549019607842,3,3,2,332,Average
HYDRES19DEL03,0,44,25.204545454545453,4,3,3,433,Average
HYDRES20DEL01,0,58,28.517241379310345,4,4,1,441,High Frequency
HYDRES20DEL02,0,57,26.19298245614035,4,4,3,443,High Frequency
HYDRES20DEL03,1,40,26.825,3,2,2,322,Average
INDORES010DEL01,0,60,28.483333333333334,4,4,1,441,High Frequency
INDORES010DEL02,1,54,27.35185185185185,3,3,2,332,Average
INDORES010DEL03,1,38,24.86842105263158,3,2,4,324,Slow Performer
INDORES01DEL01,0,58,26.017241379310345,4,4,3,443,High Frequency
INDORES01DEL02,0,53,25.735849056603772,4,3,3,433,Average
INDORES01DEL03,0,43,24.790697674418606,4,3,4,434,Slow Performer
INDORES02DEL01,0,61,26.40983606557377,4,4,2,442,High Frequency
INDORES02DEL02,0,57,23.75438596491228,4,4,4,444,Top Performer
INDORES02DEL03,0,46,25.847826086956523,4,3,3,433,Average
INDORES03DEL01,0,57,25.87719298245614,4,4,3,443,High Frequency
INDORES03DEL02,0,63,26.333333333333332,4,4,2,442,High Frequency
INDORES03DEL03,1,43,25.325581395348838,3,3,3,333,Average
INDORES04DEL01,0,55,26.854545454545455,4,3,2,432,Average
INDORES04DEL02,1,55,25.927272727272726,3,3,3,333,Average
INDORES04DEL03,1,44,27.09090909090909,3,3,2,332,Average
INDORES05DEL01,0,54,26.537037037037038,4,3,2,432,Average
INDORES05DEL02,0,56,25.696428571428573,4,3,3,433,Average
INDORES05DEL03,0,43,25.511627906976745,4,3,3,433,Average
INDORES06DEL01,0,59,27.796610169491526,4,4,1,441,High Frequency
INDORES06DEL02,0,61,24.83606557377049,4,4,4,444,Top Performer
INDORES06DEL03,1,41,27.195121951219512,3,2,2,322,Average
INDORES07DEL01,2,57,26.403508771929825,2,4,2,242,High Frequency
INDORES07DEL02,0,55,26.490909090909092,4,3,2,432,Average
INDORES07DEL03,1,42,25.166666666666668,3,3,4,334,Slow Performer
INDORES08DEL01,0,59,28.23728813559322,4,4,1,441,High Frequency
INDORES08DEL02,0,65,24.676923076923078,4,4,4,444,Top Performer
INDORES08DEL03,0,46,23.869565217391305,4,3,4,434,Slow Performer
INDORES09DEL01,0,56,25.357142857142858,4,3,3,433,Average
INDORES09DEL02,0,59,25.966101694915253,4,4,3,443,High Frequency
INDORES09DEL03,0,48,26.270833333333332,4,3,3,433,Average
INDORES11DEL01,0,60,25.95,4,4,3,443,High Frequency
INDORES11DEL02,1,52,25.28846153846154,3,3,3,333,Average
INDORES11DEL03,0,41,26.463414634146343,4,2,2,422,Average
INDORES12DEL01,0,61,24.081967213114755,4,4,4,444,Top Performer
INDORES12DEL02,0,50,27.2,4,3,2,432,Average
INDORES12DEL03,0,42,25.142857142857142,4,3,4,434,Slow Performer
INDORES13DEL01,0,61,27.885245901639344,4,4,1,441,High Frequency
INDORES13DEL02,0,61,25.80327868852459,4,4,3,443,High Frequency
INDORES13DEL03,1,43,25.023255813953487,3,3,4,334,Slow Performer
INDORES14DEL01,0,50,27.66,4,3,1,431,Average
INDORES14DEL02,0,60,26.983333333333334,4,4,2,442,High Frequency
INDORES14DEL03,1,42,25.547619047619047,3,3,3,333,Average
INDORES15DEL01,0,65,27.369230769230768,4,4,2,442,High Frequency
INDORES15DEL02,0,55,27.09090909090909,4,3,2,432,Average
INDORES15DEL03,0,43,25.325581395348838,4,3,3,433,Average
INDORES16DEL01,0,58,26.379310344827587,4,4,2,442,High Frequency
INDORES16DEL02,1,60,25.283333333333335,3,4,3,343,High Frequency
INDORES16DEL03,0,44,27.818181818181817,4,3,1,431,Average
INDORES17DEL01,0,55,24.236363636363638,4,3,4,434,Slow Performer
INDORES17DEL02,1,59,25.779661016949152,3,4,3,343,High Frequency
INDORES17DEL03,0,42,24.761904761904763,4,3,4,434,Slow Performer
INDORES18DEL01,0,60,26.366666666666667,4,4,2,442,High Frequency
INDORES18DEL02,1,52,26.615384615384617,3,3,2,332,Average
INDORES18DEL03,0,40,26.125,4,2,3,423,Average
INDORES19DEL01,0,57,28.42105263157895,4,4,1,441,High Frequency
INDORES19DEL02,0,58,25.96551724137931,4,4,3,443,High Frequency
INDORES19DEL03,0,37,25.324324324324323,4,2,3,423,Average
INDORES20DEL01,0,60,26.266666666666666,4,4,3,443,High Frequency
INDORES20DEL02,0,58,26.43103448275862,4,4,2,442,High Frequency
INDORES20DEL03,0,44,25.5,4,3,3,433,Average
JAPRES010DEL01,0,55,29.145454545454545,4,3,1,431,Average
JAPRES010DEL02,0,50,26.12,4,3,3,433,Average
JAPRES010DEL03,0,57,25.80701754385965,4,4,3,443,High Frequency
JAPRES01DEL01,1,56,25.053571428571427,2,3,4,234,Slow Performer
JAPRES01DEL02,0,54,26.833333333333332,4,3,2,432,Average
JAPRES01DEL03,0,57,25.54385964912281,4,4,3,443,High Frequency
JAPRES02DEL01,0,61,25.049180327868854,4,4,4,444,Top Performer
JAPRES02DEL02,0,58,25.29310344827586,4,4,3,443,High Frequency
JAPRES02DEL03,0,62,27.661290322580644,4,4,1,441,High Frequency
JAPRES03DEL01,0,66,27.03030303030303,4,4,2,442,High Frequency
JAPRES03DEL02,1,54,27.555555555555557,2,3,1,231,Average
JAPRES03DEL03,0,52,27.01923076923077,4,3,2,432,Average
JAPRES04DEL01,0,60,26.066666666666666,4,4,3,443,High Frequency
JAPRES04DEL02,0,57,24.42105263157895,4,4,4,444,Top Performer
JAPRES04DEL03,0,54,28.203703703703702,4,3,1,431,Average
JAPRES05DEL01,0,60,25.916666666666668,4,4,3,443,High Frequency
JAPRES05DEL02,0,59,25.54237288135593,4,4,3,443,High Frequency
JAPRES05DEL03,0,56,27.339285714285715,4,3,2,432,Average
JAPRES06DEL01,0,56,26.696428571428573,4,3,2,432,Average
JAPRES06DEL02,0,54,26.444444444444443,4,3,2,432,Average
JAPRES06DEL03,0,61,26.049180327868854,4,4,3,443,High Frequency
JAPRES07DEL01,0,58,27.862068965517242,4,4,1,441,High Frequency
JAPRES07DEL02,0,59,28.372881355932204,4,4,1,441,High Frequency
JAPRES07DEL03,0,56,27.5,4,3,1,431,Average
JAPRES08DEL01,0,56,27.446428571428573,4,3,2,432,Average
JAPRES08DEL02,0,56,25.875,4,3,3,433,Average
JAPRES08DEL03,0,55,25.836363636363636,4,3,3,433,Average
JAPRES09DEL01,0,56,25.375,4,3,3,433,Average
JAPRES09DEL02,0,65,26.73846153846154,4,4,2,442,High Frequency
JAPRES09DEL03,0,61,28.950819672131146,4,4,1,441,High Frequency
JAPRES11DEL01,0,55,26.163636363636364,4,3,3,433,Average
JAPRES11DEL02,0,67,28.597014925373134,4,4,1,441,High Frequency
JAPRES11DEL03,0,56,25.571428571428573,4,3,3,433,Average
JAPRES12DEL01,0,56,25.446428571428573,4,3,3,433,Average
JAPRES12DEL02,0,58,26.603448275862068,4,4,2,442,High Frequency
JAPRES12DEL03,0,62,26.983870967741936,4,4,2,442,High Frequency
JAPRES13DEL01,0,58,25.655172413793103,4,4,3,443,High Frequency
JAPRES13DEL02,0,57,24.57894736842105,4,4,4,444,Top Performer
JAPRES13DEL03,0,54,26.87037037037037,4,3,2,432,Average
JAPRES14DEL01,0,57,26.385964912280702,4,4,2,442,High Frequency
JAPRES14DEL02,0,63,26.61904761904762,4,4,2,442,High Frequency
JAPRES14DEL03,0,54,25.462962962962962,4,3,3,433,Average
JAPRES15DEL01,0,61,26.24590163934426,4,4,3,443,High Frequency
JAPRES15DEL02,0,53,27.056603773584907,4,3,2,432,Average
JAPRES15DEL03,0,54,27.944444444444443,4,3,1,431,Average
JAPRES16DEL01,0,54,26.12962962962963,4,3,3,433,Average
JAPRES16DEL02,1,56,26.25,2,3,3,233,Average
JAPRES16DEL03,0,60,28.05,4,4,1,441,High Frequency
JAPRES17DEL01,0,63,28.26984126984127,4,4,1,441,High Frequency
JAPRES17DEL02,1,53,25.18867924528302,2,3,4,234,Slow Performer
JAPRES17DEL03,0,60,27.766666666666666,4,4,1,441,High Frequency
JAPRES18DEL01,0,53,27.32075471698113,4,3,2,432,Average
JAPRES18DEL02,0,58,27.25862068965517,4,4,2,442,High Frequency
JAPRES18DEL03,0,53,24.77358490566038,4,3,4,434,Slow Performer
JAPRES19DEL01,0,53,25.830188679245282,4,3,3,433,Average
JAPRES19DEL02,0,60,27.75,4,4,1,441,High Frequency
JAPRES19DEL03,0,62,27.612903225806452,4,4,1,441,High Frequency
JAPRES20DEL01,0,53,27.169811320754718,4,3,2,432,Average
JAPRES20DEL02,0,63,28.53968253968254,4,4,1,441,High Frequency
JAPRES20DEL03,0,56,27.5,4,3,1,431,Average
KNPRES010DEL01,47,13,22.615384615384617,1,2,4,124,Slow Performer
KNPRES010DEL02,47,11,30.545454545454547,1,1,1,111,Average
KNPRES010DEL03,47,14,21.928571428571427,1,2,4,124,Slow Performer
KNPRES01DEL01,48,11,20.0,1,1,4,114,Slow Performer
KNPRES01DEL02,47,12,28.916666666666668,1,1,1,111,Average
KNPRES01DEL03,47,11,29.272727272727273,1,1,1,111,Average
KNPRES02DEL01,47,14,26.142857142857142,1,2,3,123,Average
KNPRES02DEL02,47,13,25.0,1,2,4,124,Slow Performer
KNPRES02DEL03,47,14,25.285714285714285,1,2,3,123,Average
KNPRES03DEL01,47,13,22.692307692307693,1,2,4,124,Slow Performer
KNPRES03DEL02,47,10,26.1,1,1,3,113,Average
KNPRES03DEL03,47,13,27.076923076923077,1,2,2,122,Average
KNPRES04DEL01,48,12,23.416666666666668,1,1,4,114,Slow Performer
KNPRES04DEL02,47,10,25.6,1,1,3,113,Average
KNPRES04DEL03,47,15,28.733333333333334,1,2,1,121,Average
KNPRES05DEL01,47,9,25.333333333333332,1,1,3,113,Average
KNPRES05DEL02,47,14,26.285714285714285,1,2,2,122,Average
KNPRES05DEL03,47,11,29.09090909090909,1,1,1,111,Average
KNPRES06DEL01,47,14,32.142857142857146,1,2,1,121,Average
KNPRES06DEL02,48,10,27.9,1,1,1,111,Average
KNPRES06DEL03,47,10,27.9,1,1,1,111,Average
KNPRES07DEL01,47,13,22.307692307692307,1,2,4,124,Slow Performer
KNPRES07DEL02,47,11,26.0,1,1,3,113,Average
KNPRES07DEL03,47,12,25.083333333333332,1,1,4,114,Slow Performer
KNPRES08DEL01,49,10,24.9,1,1,4,114,Slow Performer
KNPRES08DEL02,47,12,31.166666666666668,1,1,1,111,Average
KNPRES08DEL03,47,8,22.5,1,1,4,114,Slow Performer
KNPRES09DEL01,47,12,25.833333333333332,1,1,3,113,Average
KNPRES09DEL02,47,15,24.933333333333334,1,2,4,124,Slow Performer
KNPRES09DEL03,47,14,25.785714285714285,1,2,3,123,Average
KNPRES11DEL01,48,12,27.416666666666668,1,1,2,112,Average
KNPRES11DEL02,47,15,26.266666666666666,1,2,3,123,Average
KNPRES11DEL03,47,12,24.083333333333332,1,1,4,114,Slow Performer
KNPRES12DEL01,47,13,27.384615384615383,1,2,2,122,Average
KNPRES12DEL02,47,14,27.357142857142858,1,2,2,122,Average
KNPRES12DEL03,47,12,27.5,1,1,1,111,Average
KNPRES13DEL01,47,13,29.076923076923077,1,2,1,121,Average
KNPRES13DEL02,47,13,22.46153846153846,1,2,4,124,Slow Performer
KNPRES13DEL03,47,12,25.416666666666668,1,1,3,113,Average
KNPRES14DEL01,47,14,32.857142857142854,1,2,1,121,Average
KNPRES14DEL02,47,13,23.53846153846154,1,2,4,124,Slow Performer
KNPRES14DEL03,47,12,27.833333333333332,1,1,1,111,Average
KNPRES15DEL01,47,9,24.333333333333332,1,1,4,114,Slow Performer
KNPRES15DEL02,47,13,23.307692307692307,1,2,4,124,Slow Performer
KNPRES15DEL03,47,11,28.272727272727273,1,1,1,111,Average
KNPRES16DEL01,47,13,23.615384615384617,1,2,4,124,Slow Performer
KNPRES16DEL02,47,15,26.333333333333332,1,2,2,122,Average
KNPRES16DEL03,47,14,25.142857142857142,1,2,4,124,Slow Performer
KNPRES17DEL01,47,13,25.153846153846153,1,2,4,124,Slow Performer
KNPRES17DEL02,47,13,26.0,1,2,3,123,Average
KNPRES17DEL03,47,15,29.533333333333335,1,2,1,121,Average
KNPRES18DEL01,47,12,29.333333333333332,1,1,1,111,Average
KNPRES18DEL02,47,12,23.75,1,1,4,114,Slow Performer
KNPRES18DEL03,47,9,27.11111111111111,1,1,2,112,Average
KNPRES19DEL01,47,14,26.857142857142858,1,2,2,122,Average
KNPRES19DEL02,47,13,29.0,1,2,1,121,Average
KNPRES19DEL03,47,10,26.3,1,1,2,112,Average
KNPRES20DEL01,47,14,29.642857142857142,1,2,1,121,Average
KNPRES20DEL02,47,12,24.5,1,1,4,114,Slow Performer
KNPRES20DEL03,47,12,28.75,1,1,1,111,Average
KOCRES010DEL01,47,11,26.454545454545453,1,1,2,112,Average
KOCRES010DEL02,47,14,27.428571428571427,1,2,2,122,Average
KOCRES010DEL03,47,9,28.88888888888889,1,1,1,111,Average
KOCRES01DEL01,47,15,26.733333333333334,1,2,2,122,Average
KOCRES01DEL02,47,14,27.357142857142858,1,2,2,122,Average
KOCRES01DEL03,47,9,26.77777777777778,1,1,2,112,Average
KOCRES02DEL01,47,13,26.076923076923077,1,2,3,123,Average
KOCRES02DEL02,47,13,21.846153846153847,1,2,4,124,Slow Performer
KOCRES02DEL03,47,10,22.9,1,1,4,114,Slow Performer
KOCRES03DEL01,47,10,28.0,1,1,1,111,Average
KOCRES03DEL02,47,13,27.0,1,2,2,122,Average
KOCRES03DEL03,47,10,24.2,1,1,4,114,Slow Performer
KOCRES04DEL01,47,9,25.77777777777778,1,1,3,113,Average
KOCRES04DEL02,48,13,21.23076923076923,1,2,4,124,Slow Performer
KOCRES04DEL03,47,10,28.3,1,1,1,111,Average
KOCRES05DEL01,47,11,23.454545454545453,1,1,4,114,Slow Performer
KOCRES05DEL02,47,10,24.3,1,1,4,114,Slow Performer
KOCRES05DEL03,47,11,30.272727272727273,1,1,1,111,Average
KOCRES06DEL01,47,13,27.846153846153847,1,2,1,121,Average
KOCRES06DEL02,47,13,24.384615384615383,1,2,4,124,Slow Performer
KOCRES06DEL03,47,9,26.88888888888889,1,1,2,112,Average
KOCRES07DEL01,47,15,25.466666666666665,1,2,3,123,Average
KOCRES07DEL02,47,12,27.5,1,1,1,111,Average
KOCRES07DEL03,47,10,22.8,1,1,4,114,Slow Performer
KOCRES08DEL01,47,12,27.916666666666668,1,1,1,111,Average
KOCRES08DEL02,47,14,29.0,1,2,1,121,Average
KOCRES08DEL03,47,9,22.77777777777778,1,1,4,114,Slow Performer
KOCRES09DEL01,47,14,27.428571428571427,1,2,2,122,Average
KOCRES09DEL02,48,8,29.75,1,1,1,111,Average
KOCRES09DEL03,48,11,28.0,1,1,1,111,Average
KOCRES11DEL01,47,16,21.8125,1,2,4,124,Slow Performer
KOCRES11DEL02,47,15,25.733333333333334,1,2,3,123,Average
KOCRES11DEL03,47,10,25.3,1,1,3,113,Average
KOCRES12DEL01,47,12,29.75,1,1,1,111,Average
KOCRES12DEL02,47,9,26.22222222222222,1,1,3,113,Average
KOCRES12DEL03,47,9,25.333333333333332,1,1,3,113,Average
KOCRES13DEL01,48,15,27.866666666666667,1,2,1,121,Average
KOCRES13DEL02,47,12,28.916666666666668,1,1,1,111,Average
KOCRES13DEL03,47,11,29.636363636363637,1,1,1,111,Average
KOCRES14DEL01,47,13,28.46153846153846,1,2,1,121,Average
KOCRES14DEL02,48,11,23.818181818181817,1,1,4,114,Slow Performer
KOCRES14DEL03,47,10,29.5,1,1,1,111,Average
KOCRES15DEL01,47,14,23.428571428571427,1,2,4,124,Slow Performer
KOCRES15DEL02,47,14,26.642857142857142,1,2,2,122,Average
KOCRES15DEL03,47,9,23.0,1,1,4,114,Slow Performer
KOCRES16DEL01,47,13,29.384615384615383,1,2,1,121,Average
KOCRES16DEL02,47,12,25.75,1,1,3,113,Average
KOCRES16DEL03,49,6,21.0,1,1,4,114,Slow Performer
KOCRES17DEL01,47,15,24.8,1,2,4,124,Slow Performer
KOCRES17DEL02,47,15,29.333333333333332,1,2,1,121,Average
KOCRES17DEL03,47,11,25.545454545454547,1,1,3,113,Average
KOCRES18DEL01,47,16,28.3125,1,2,1,121,Average
KOCRES18DEL02,47,14,24.857142857142858,1,2,4,124,Slow Performer
KOCRES18DEL03,47,11,25.545454545454547,1,1,3,113,Average
KOCRES19DEL01,47,9,26.555555555555557,1,1,2,112,Average
KOCRES19DEL02,47,12,28.25,1,1,1,111,Average
KOCRES19DEL03,47,8,26.625,1,1,2,112,Average
KOCRES20DEL01,47,13,30.384615384615383,1,2,1,121,Average
KOCRES20DEL02,47,10,26.5,1,1,2,112,Average
KOCRES20DEL03,47,11,22.09090909090909,1,1,4,114,Slow Performer
KOLRES010DEL01,47,13,24.153846153846153,1,2,4,124,Slow Performer
KOLRES010DEL02,47,14,28.0,1,2,1,121,Average
KOLRES010DEL03,47,8,25.375,1,1,3,113,Average
KOLRES01DEL01,47,14,29.714285714285715,1,2,1,121,Average
KOLRES01DEL02,47,13,22.076923076923077,1,2,4,124,Slow Performer
KOLRES01DEL03,48,11,19.818181818181817,1,1,4,114,Slow Performer
KOLRES02DEL01,47,14,28.357142857142858,1,2,1,121,Average
KOLRES02DEL02,47,11,31.90909090909091,1,1,1,111,Average
KOLRES02DEL03,47,11,25.0,1,1,4,114,Slow Performer
KOLRES03DEL01,47,15,25.266666666666666,1,2,3,123,Average
KOLRES03DEL02,48,11,26.818181818181817,1,1,2,112,Average
KOLRES03DEL03,47,11,32.18181818181818,1,1,1,111,Average
KOLRES04DEL01,47,15,25.933333333333334,1,2,3,123,Average
KOLRES04DEL02,47,14,24.571428571428573,1,2,4,124,Slow Performer
KOLRES04DEL03,47,8,27.375,1,1,2,112,Average
KOLRES05DEL01,47,14,25.857142857142858,1,2,3,123,Average
KOLRES05DEL02,48,10,22.3,1,1,4,114,Slow Performer
KOLRES05DEL03,47,11,27.0,1,1,2,112,Average
KOLRES06DEL01,47,13,26.0,1,2,3,123,Average
KOLRES06DEL02,47,12,25.75,1,1,3,113,Average
KOLRES06DEL03,47,9,19.444444444444443,1,1,4,114,Slow Performer
KOLRES07DEL01,47,11,26.545454545454547,1,1,2,112,Average
KOLRES07DEL02,47,13,27.153846153846153,1,2,2,122,Average
KOLRES07DEL03,47,9,26.666666666666668,1,1,2,112,Average
KOLRES08DEL01,47,15,23.2,1,2,4,124,Slow Performer
KOLRES08DEL02,47,10,28.6,1,1,1,111,Average
KOLRES08DEL03,47,8,28.875,1,1,1,111,Average
KOLRES09DEL01,48,12,27.25,1,1,2,112,Average
KOLRES09DEL02,47,15,29.0,1,2,1,121,Average
KOLRES09DEL03,49,6,31.5,1,1,1,111,Average
KOLRES11DEL01,47,13,24.53846153846154,1,2,4,124,Slow Performer
KOLRES11DEL02,47,12,27.666666666666668,1,1,1,111,Average
KOLRES11DEL03,47,9,26.11111111111111,1,1,3,113,Average
KOLRES12DEL01,47,15,25.133333333333333,1,2,4,124,Slow Performer
KOLRES12DEL02,47,10,25.3,1,1,3,113,Average
KOLRES12DEL03,47,12,26.333333333333332,1,1,2,112,Average
KOLRES13DEL01,47,11,29.636363636363637,1,1,1,111,Average
KOLRES13DEL02,47,11,27.454545454545453,1,1,2,112,Average
KOLRES13DEL03,47,10,26.3,1,1,2,112,Average
KOLRES14DEL01,47,11,22.90909090909091,1,1,4,114,Slow Performer
KOLRES14DEL02,47,13,20.615384615384617,1,2,4,124,Slow Performer
KOLRES14DEL03,47,12,24.333333333333332,1,1,4,114,Slow Performer
KOLRES15DEL01,47,13,25.0,1,2,4,124,Slow Performer
KOLRES15DEL02,47,13,22.153846153846153,1,2,4,124,Slow Performer
KOLRES15DEL03,47,11,26.90909090909091,1,1,2,112,Average
KOLRES16DEL01,47,14,28.571428571428573,1,2,1,121,Average
KOLRES16DEL02,47,13,27.53846153846154,1,2,1,121,Average
KOLRES16DEL03,47,10,24.4,1,1,4,114,Slow Performer
KOLRES17DEL01,48,13,31.153846153846153,1,2,1,121,Average
KOLRES17DEL02,47,10,28.1,1,1,1,111,Average
KOLRES17DEL03,47,12,22.916666666666668,1,1,4,114,Slow Performer
KOLRES18DEL01,47,13,25.923076923076923,1,2,3,123,Average
KOLRES18DEL02,47,13,26.23076923076923,1,2,3,123,Average
KOLRES18DEL03,47,10,28.8,1,1,1,111,Average
KOLRES19DEL01,47,10,24.1,1,1,4,114,Slow Performer
KOLRES19DEL02,47,12,33.833333333333336,1,1,1,111,Average
KOLRES19DEL03,47,11,29.181818181818183,1,1,1,111,Average
KOLRES20DEL01,47,11,28.636363636363637,1,1,1,111,Average
KOLRES20DEL02,47,12,26.166666666666668,1,1,3,113,Average
KOLRES20DEL03,47,9,27.444444444444443,1,1,2,112,Average
LUDHRES010DEL01,47,14,24.214285714285715,1,2,4,124,Slow Performer
LUDHRES010DEL02,47,13,26.153846153846153,1,2,3,123,Average
LUDHRES010DEL03,47,12,28.583333333333332,1,1,1,111,Average
LUDHRES01DEL01,49,9,29.555555555555557,1,1,1,111,Average
LUDHRES01DEL02,47,13,28.692307692307693,1,2,1,121,Average
LUDHRES01DEL03,47,8,31.75,1,1,1,111,Average
LUDHRES02DEL01,47,15,24.733333333333334,1,2,4,124,Slow Performer
LUDHRES02DEL02,47,13,25.384615384615383,1,2,3,123,Average
LUDHRES02DEL03,47,11,30.272727272727273,1,1,1,111,Average
LUDHRES03DEL01,47,14,25.571428571428573,1,2,3,123,Average
LUDHRES03DEL02,47,10,27.0,1,1,2,112,Average
LUDHRES03DEL03,47,10,24.3,1,1,4,114,Slow Performer
LUDHRES04DEL01,47,13,24.923076923076923,1,2,4,124,Slow Performer
LUDHRES04DEL02,47,16,28.25,1,2,1,121,Average
LUDHRES04DEL03,47,13,24.153846153846153,1,2,4,124,Slow Performer
LUDHRES05DEL01,48,12,29.083333333333332,1,1,1,111,Average
LUDHRES05DEL02,47,13,25.384615384615383,1,2,3,123,Average
LUDHRES05DEL03,47,13,24.692307692307693,1,2,4,124,Slow Performer
LUDHRES06DEL01,47,13,28.076923076923077,1,2,1,121,Average
LUDHRES06DEL02,47,15,26.4,1,2,2,122,Average
LUDHRES06DEL03,47,13,28.384615384615383,1,2,1,121,Average
LUDHRES07DEL01,47,13,29.53846153846154,1,2,1,121,Average
LUDHRES07DEL02,47,9,23.666666666666668,1,1,4,114,Slow Performer
LUDHRES07DEL03,47,10,26.3,1,1,2,112,Average
LUDHRES08DEL01,47,14,25.214285714285715,1,2,3,123,Average
LUDHRES08DEL02,47,10,27.7,1,1,1,111,Average
LUDHRES08DEL03,47,14,24.642857142857142,1,2,4,124,Slow Performer
LUDHRES09DEL01,48,9,26.0,1,1,3,113,Average
LUDHRES09DEL02,47,14,24.571428571428573,1,2,4,124,Slow Performer
LUDHRES09DEL03,47,13,25.0,1,2,4,124,Slow Performer
LUDHRES11DEL01,47,13,27.615384615384617,1,2,1,121,Average
LUDHRES11DEL02,47,16,25.9375,1,2,3,123,Average
LUDHRES11DEL03,47,13,25.53846153846154,1,2,3,123,Average
LUDHRES12DEL01,47,9,24.666666666666668,1,1,4,114,Slow Performer
LUDHRES12DEL02,47,14,23.214285714285715,1,2,4,124,Slow Performer
LUDHRES12DEL03,47,16,25.125,1,2,4,124,Slow Performer
LUDHRES13DEL01,47,14,25.928571428571427,1,2,3,123,Average
LUDHRES13DEL02,47,12,30.5,1,1,1,111,Average
LUDHRES13DEL03,47,13,26.076923076923077,1,2,3,123,Average
LUDHRES14DEL01,47,11,26.818181818181817,1,1,2,112,Average
LUDHRES14DEL02,47,11,25.818181818181817,1,1,3,113,Average
LUDHRES14DEL03,48,14,23.642857142857142,1,2,4,124,Slow Performer
LUDHRES15DEL01,47,14,26.285714285714285,1,2,2,122,Average
LUDHRES15DEL02,47,15,22.466666666666665,1,2,4,124,Slow Performer
LUDHRES15DEL03,47,15,25.6,1,2,3,123,Average
LUDHRES16DEL01,47,12,26.833333333333332,1,1,2,112,Average
LUDHRES16DEL02,47,15,28.133333333333333,1,2,1,121,Average
LUDHRES16DEL03,47,12,29.166666666666668,1,1,1,111,Average
LUDHRES17DEL01,47,14,21.928571428571427,1,2,4,124,Slow Performer
LUDHRES17DEL02,47,13,26.615384615384617,1,2,2,122,Average
LUDHRES17DEL03,47,12,29.0,1,1,1,111,Average
LUDHRES18DEL01,47,13,27.153846153846153,1,2,2,122,Average
LUDHRES18DEL02,47,10,20.2,1,1,4,114,Slow Performer
LUDHRES18DEL03,47,13,30.307692307692307,1,2,1,121,Average
LUDHRES19DEL01,47,14,26.642857142857142,1,2,2,122,Average
LUDHRES19DEL02,47,10,24.6,1,1,4,114,Slow Performer
LUDHRES19DEL03,48,10,30.9,1,1,1,111,Average
LUDHRES20DEL01,48,14,27.642857142857142,1,2,1,121,Average
LUDHRES20DEL02,47,14,26.857142857142858,1,2,2,122,Average
LUDHRES20DEL03,47,13,21.692307692307693,1,2,4,124,Slow Performer
MUMRES010DEL01,0,56,26.910714285714285,4,3,2,432,Average
MUMRES010DEL02,0,55,26.745454545454546,4,3,2,432,Average
MUMRES010DEL03,0,47,26.02127659574468,4,3,3,433,Average
MUMRES01DEL01,0,63,27.714285714285715,4,4,1,441,High Frequency
MUMRES01DEL02,0,58,24.810344827586206,4,4,4,444,Top Performer
MUMRES01DEL03,0,41,25.878048780487806,4,2,3,423,Average
MUMRES02DEL01,1,61,25.491803278688526,2,4,3,243,High Frequency
MUMRES02DEL02,0,64,26.015625,4,4,3,443,High Frequency
MUMRES02DEL03,0,38,27.36842105263158,4,2,2,422,Average
MUMRES03DEL01,0,57,26.05263157894737,4,4,3,443,High Frequency
MUMRES03DEL02,0,62,26.35483870967742,4,4,2,442,High Frequency
MUMRES03DEL03,0,47,26.148936170212767,4,3,3,433,Average
MUMRES04DEL01,0,59,28.084745762711865,4,4,1,441,High Frequency
MUMRES04DEL02,0,62,25.70967741935484,4,4,3,443,High Frequency
MUMRES04DEL03,1,39,25.564102564102566,2,2,3,223,Average
MUMRES05DEL01,1,61,28.40983606557377,2,4,1,241,High Frequency
MUMRES05DEL02,0,59,25.52542372881356,4,4,3,443,High Frequency
MUMRES05DEL03,0,41,26.048780487804876,4,2,3,423,Average
MUMRES06DEL01,0,51,25.84313725490196,4,3,3,433,Average
MUMRES06DEL02,0,56,26.696428571428573,4,3,2,432,Average
MUMRES06DEL03,1,45,25.08888888888889,2,3,4,234,Slow Performer
MUMRES07DEL01,0,58,28.224137931034484,4,4,1,441,High Frequency
MUMRES07DEL02,0,61,27.049180327868854,4,4,2,442,High Frequency
MUMRES07DEL03,0,41,25.121951219512194,4,2,4,424,Slow Performer
MUMRES08DEL01,0,59,27.966101694915253,4,4,1,441,High Frequency
MUMRES08DEL02,0,58,26.689655172413794,4,4,2,442,High Frequency
MUMRES08DEL03,1,39,26.23076923076923,2,2,3,223,Average
MUMRES09DEL01,0,54,24.35185185185185,4,3,4,434,Slow Performer
MUMRES09DEL02,0,59,25.728813559322035,4,4,3,443,High Frequency
MUMRES09DEL03,0,45,25.266666666666666,4,3,3,433,Average
MUMRES11DEL01,0,55,24.90909090909091,4,3,4,434,Slow Performer
MUMRES11DEL02,0,48,26.791666666666668,4,3,2,432,Average
MUMRES11DEL03,0,46,25.717391304347824,3,3,3,333,Average
MUMRES12DEL01,0,55,26.745454545454546,3,3,2,332,Average
MUMRES12DEL02,0,56,22.803571428571427,3,3,4,334,Slow Performer
MUMRES12DEL03,1,43,23.906976744186046,2,3,4,234,Slow Performer
MUMRES13DEL01,0,58,27.862068965517242,3,4,1,341,High Frequency
MUMRES13DEL02,0,56,26.375,3,3,2,332,Average
MUMRES13DEL03,0,44,26.318181818181817,3,3,2,332,Average
MUMRES14DEL01,0,59,24.338983050847457,3,4,4,344,High Frequency
MUMRES14DEL02,0,64,25.609375,3,4,3,343,High Frequency
MUMRES14DEL03,0,40,27.0,3,2,2,322,Average
MUMRES15DEL01,0,59,26.89830508474576,3,4,2,342,High Frequency
MUMRES15DEL02,1,58,25.448275862068964,2,4,3,243,High Frequency
MUMRES15DEL03,0,44,26.0,3,3,3,333,Average
MUMRES16DEL01,0,57,25.82456140350877,3,4,3,343,High Frequency
MUMRES16DEL02,0,56,26.642857142857142,3,3,2,332,Average
MUMRES16DEL03,1,45,24.466666666666665,2,3,4,234,Slow Performer
MUMRES17DEL01,0,60,26.7,3,4,2,342,High Frequency
MUMRES17DEL02,0,56,23.839285714285715,3,3,4,334,Slow Performer
MUMRES17DEL03,0,46,24.717391304347824,3,3,4,334,Slow Performer
MUMRES18DEL01,1,60,27.833333333333332,2,4,1,241,High Frequency
MUMRES18DEL02,0,51,25.0,3,3,4,334,Slow Performer
MUMRES18DEL03,0,45,26.42222222222222,3,3,2,332,Average
MUMRES19DEL01,0,58,27.0,3,4,2,342,High Frequency
MUMRES19DEL02,0,61,24.704918032786885,3,4,4,344,High Frequency
MUMRES19DEL03,0,44,27.65909090909091,3,3,1,331,Average
MUMRES20DEL01,1,56,25.142857142857142,2,3,4,234,Slow Performer
MUMRES20DEL02,0,55,24.01818181818182,3,3,4,334,Slow Performer
MUMRES20DEL03,1,42,25.523809523809526,2,3,3,233,Average
MYSRES010DEL01,0,56,27.160714285714285,3,3,2,332,Average
MYSRES010DEL02,0,54,25.685185185185187,3,3,3,333,Average
MYSRES010DEL03,0,43,26.46511627906977,3,3,2,332,Average
MYSRES01DEL01,0,58,26.189655172413794,3,4,3,343,High Frequency
MYSRES01DEL02,0,49,26.102040816326532,3,3,3,333,Average
MYSRES01DEL03,0,41,23.4390243902439,3,2,4,324,Slow Performer
MYSRES02DEL01,0,54,27.166666666666668,3,3,2,332,Average
MYSRES02DEL02,0,53,25.37735849056604,3,3,3,333,Average
MYSRES02DEL03,0,47,28.06382978723404,3,3,1,331,Average
MYSRES03DEL01,0,54,26.85185185185185,3,3,2,332,Average
MYSRES03DEL02,0,53,27.22641509433962,3,3,2,332,Average
MYSRES03DEL03,0,45,27.955555555555556,3,3,1,331,Average
MYSRES04DEL01,0,61,24.491803278688526,3,4,4,344,High Frequency
MYSRES04DEL02,0,63,25.349206349206348,3,4,3,343,High Frequency
MYSRES04DEL03,0,45,25.444444444444443,3,3,3,333,Average
MYSRES05DEL01,0,63,26.80952380952381,3,4,2,342,High Frequency
MYSRES05DEL02,0,63,25.349206349206348,3,4,3,343,High Frequency
MYSRES05DEL03,0,45,27.244444444444444,3,3,2,332,Average
MYSRES06DEL01,2,54,26.37037037037037,2,3,2,232,Average
MYSRES06DEL02,1,61,24.475409836065573,2,4,4,244,High Frequency
MYSRES06DEL03,0,42,25.547619047619047,3,3,3,333,Average
MYSRES07DEL01,0,57,25.385964912280702,3,4,3,343,High Frequency
MYSRES07DEL02,0,56,27.089285714285715,3,3,2,332,Average
MYSRES07DEL03,0,46,23.282608695652176,3,3,4,334,Slow Performer
MYSRES08DEL01,0,59,24.305084745762713,3,4,4,344,High Frequency
MYSRES08DEL02,0,54,27.27777777777778,3,3,2,332,Average
MYSRES08DEL03,1,42,26.38095238095238,2,3,2,232,Average
MYSRES09DEL01,0,61,27.360655737704917,3,4,2,342,High Frequency
MYSRES09DEL02,0,57,26.07017543859649,3,4,3,343,High Frequency
MYSRES09DEL03,0,40,25.05,3,2,4,324,Slow Performer
MYSRES11DEL01,0,60,27.3,3,4,2,342,High Frequency
MYSRES11DEL02,0,56,25.464285714285715,3,3,3,333,Average
MYSRES11DEL03,0,46,25.847826086956523,3,3,3,333,Average
MYSRES12DEL01,1,56,28.446428571428573,2,3,1,231,Average
MYSRES12DEL02,0,56,27.25,3,3,2,332,Average
MYSRES12DEL03,0,47,24.680851063829788,3,3,4,334,Slow Performer
MYSRES13DEL01,0,57,26.771929824561404,3,4,2,342,High Frequency
MYSRES13DEL02,0,58,26.79310344827586,3,4,2,342,High Frequency
MYSRES13DEL03,0,45,24.466666666666665,3,3,4,334,Slow Performer
MYSRES14DEL01,0,63,26.047619047619047,3,4,3,343,High Frequency
MYSRES14DEL02,0,54,26.62962962962963,3,3,2,332,Average
MYSRES14DEL03,0,42,23.833333333333332,3,3,4,334,Slow Performer
MYSRES15DEL01,0,58,27.448275862068964,3,4,2,342,High Frequency
MYSRES15DEL02,0,59,26.152542372881356,3,4,3,343,High Frequency
MYSRES15DEL03,0,44,26.727272727272727,3,3,2,332,Average
MYSRES16DEL01,0,60,25.75,3,4,3,343,High Frequency
MYSRES16DEL02,0,57,25.24561403508772,3,4,3,343,High Frequency
MYSRES16DEL03,1,38,28.05263157894737,2,2,1,221,Average
MYSRES17DEL01,0,62,25.580645161290324,3,4,3,343,High Frequency
MYSRES17DEL02,0,53,25.58490566037736,3,3,3,333,Average
MYSRES17DEL03,0,41,26.463414634146343,3,2,2,322,Average
MYSRES18DEL01,0,57,26.982456140350877,3,4,2,342,High Frequency
MYSRES18DEL02,0,61,24.688524590163933,3,4,4,344,High Frequency
MYSRES18DEL03,1,42,24.38095238095238,2,3,4,234,Slow Performer
MYSRES19DEL01,0,57,25.24561403508772,3,4,3,343,High Frequency
MYSRES19DEL02,0,56,24.785714285714285,3,4,4,344,High Frequency
MYSRES19DEL03,0,45,23.8,3,3,4,334,Slow Performer
MYSRES20DEL01,0,58,26.103448275862068,3,4,3,343,High Frequency
MYSRES20DEL02,0,59,24.779661016949152,3,4,4,344,High Frequency
MYSRES20DEL03,0,47,27.127659574468087,3,3,2,332,Average
PUNERES010DEL01,0,59,27.406779661016948,3,4,2,342,High Frequency
PUNERES010DEL02,0,51,25.50980392156863,3,3,3,333,Average
PUNERES010DEL03,0,42,22.595238095238095,3,3,4,334,Slow Performer
PUNERES01DEL01,0,67,27.925373134328357,3,4,1,341,High Frequency
PUNERES01DEL02,0,59,27.28813559322034,3,4,2,342,High Frequency
PUNERES01DEL03,1,43,23.6046511627907,2,3,4,234,Slow Performer
PUNERES02DEL01,0,59,26.423728813559322,3,4,2,342,High Frequency
PUNERES02DEL02,0,50,26.68,3,3,2,332,Average
PUNERES02DEL03,0,44,23.977272727272727,3,3,4,334,Slow Performer
PUNERES03DEL01,0,52,27.192307692307693,3,3,2,332,Average
PUNERES03DEL02,0,58,26.70689655172414,3,4,2,342,High Frequency
PUNERES03DEL03,1,43,25.767441860465116,2,3,3,233,Average
PUNERES04DEL01,0,49,24.489795918367346,3,3,4,334,Slow Performer
PUNERES04DEL02,0,55,27.545454545454547,3,3,1,331,Average
PUNERES04DEL03,0,43,25.348837209302324,3,3,3,333,Average
PUNERES05DEL01,0,54,24.444444444444443,3,3,4,334,Slow Performer
PUNERES05DEL02,0,58,25.362068965517242,3,4,3,343,High Frequency
PUNERES05DEL03,0,41,26.024390243902438,3,2,3,323,Average
PUNERES06DEL01,0,54,27.574074074074073,3,3,1,331,Average
PUNERES06DEL02,0,62,25.161290322580644,3,4,4,344,High Frequency
PUNERES06DEL03,1,44,24.113636363636363,2,3,4,234,Slow Performer
PUNERES07DEL01,0,57,25.614035087719298,3,4,3,343,High Frequency
PUNERES07DEL02,0,59,22.71186440677966,3,4,4,344,High Frequency
PUNERES07DEL03,1,39,26.692307692307693,2,2,2,222,Average
PUNERES08DEL01,0,57,26.614035087719298,3,4,2,342,High Frequency
PUNERES08DEL02,1,61,26.278688524590162,2,4,2,242,High Frequency
PUNERES08DEL03,1,48,25.854166666666668,2,3,3,233,Average
PUNERES09DEL01,1,55,27.763636363636362,2,3,1,231,Average
PUNERES09DEL02,0,57,28.210526315789473,3,4,1,341,High Frequency
PUNERES09DEL03,0,43,28.441860465116278,3,3,1,331,Average
PUNERES11DEL01,0,58,26.620689655172413,3,4,2,342,High Frequency
PUNERES11DEL02,0,58,26.310344827586206,3,4,2,342,High Frequency
PUNERES11DEL03,0,46,25.130434782608695,3,3,4,334,Slow Performer
PUNERES12DEL01,0,54,27.38888888888889,3,3,2,332,Average
PUNERES12DEL02,0,56,28.696428571428573,3,4,1,341,High Frequency
PUNERES12DEL03,0,36,27.47222222222222,3,2,1,321,Average
PUNERES13DEL01,0,59,26.677966101694917,3,4,2,342,High Frequency
PUNERES13DEL02,0,60,25.5,3,4,3,343,High Frequency
PUNERES13DEL03,0,39,26.564102564102566,3,2,2,322,Average
PUNERES14DEL01,0,56,29.410714285714285,3,4,1,341,High Frequency
PUNERES14DEL02,0,55,25.509090909090908,3,3,3,333,Average
PUNERES14DEL03,0,44,27.136363636363637,3,3,2,332,Average
PUNERES15DEL01,1,60,25.666666666666668,2,4,3,243,High Frequency
PUNERES15DEL02,0,55,26.29090909090909,3,3,2,332,Average
PUNERES15DEL03,2,37,25.945945945945947,2,2,3,223,Average
PUNERES16DEL01,0,56,26.160714285714285,3,4,3,343,High Frequency
PUNERES16DEL02,0,53,25.81132075471698,3,3,3,333,Average
PUNERES16DEL03,1,42,25.904761904761905,2,3,3,233,Average
PUNERES17DEL01,0,63,25.634920634920636,3,4,3,343,High Frequency
PUNERES17DEL02,0,58,26.603448275862068,3,4,2,342,High Frequency
PUNERES17DEL03,0,40,25.875,3,2,3,323,Average
PUNERES18DEL01,0,59,26.864406779661017,3,4,2,342,High Frequency
PUNERES18DEL02,0,59,27.0,3,4,2,342,High Frequency
PUNERES18DEL03,0,45,26.31111111111111,3,3,2,332,Average
PUNERES19DEL01,0,60,27.4,3,4,2,342,High Frequency
PUNERES19DEL02,0,61,27.262295081967213,3,4,2,342,High Frequency
PUNERES19DEL03,1,38,25.842105263157894,2,2,3,223,Average
PUNERES20DEL01,0,55,26.10909090909091,3,3,3,333,Average
PUNERES20DEL02,0,61,27.918032786885245,3,4,1,341,High Frequency
PUNERES20DEL03,2,46,27.391304347826086,2,3,2,232,Average
RANCHIRES010DEL01,0,59,26.576271186440678,3,4,2,342,High Frequency
RANCHIRES010DEL02,0,57,26.24561403508772,3,4,3,343,High Frequency
RANCHIRES010DEL03,0,39,26.05128205128205,3,2,3,323,Average
RANCHIRES01DEL01,0,55,27.963636363636365,3,3,1,331,Average
RANCHIRES01DEL02,0,56,26.803571428571427,3,4,2,342,High Frequency
RANCHIRES01DEL03,0,44,25.863636363636363,3,3,3,333,Average
RANCHIRES02DEL01,0,66,26.924242424242426,3,4,2,342,High Frequency
RANCHIRES02DEL02,0,65,25.046153846153846,3,4,4,344,High Frequency
RANCHIRES02DEL03,0,46,24.91304347826087,3,3,4,334,Slow Performer
RANCHIRES03DEL01,1,60,25.95,2,4,3,243,High Frequency
RANCHIRES03DEL02,1,51,24.705882352941178,2,3,4,234,Slow Performer
RANCHIRES03DEL03,1,46,24.58695652173913,2,3,4,234,Slow Performer
RANCHIRES04DEL01,0,58,27.362068965517242,3,4,2,342,High Frequency
RANCHIRES04DEL02,0,56,26.25,3,4,3,343,High Frequency
RANCHIRES04DEL03,0,47,24.93617021276596,3,3,4,334,Slow Performer
RANCHIRES05DEL01,0,59,27.220338983050848,3,4,2,342,High Frequency
RANCHIRES05DEL02,1,55,24.418181818181818,2,3,4,234,Slow Performer
RANCHIRES05DEL03,1,41,26.804878048780488,2,2,2,222,Average
RANCHIRES06DEL01,0,57,28.596491228070175,3,4,1,341,High Frequency
RANCHIRES06DEL02,0,57,25.19298245614035,3,4,4,344,High Frequency
RANCHIRES06DEL03,0,46,25.847826086956523,3,3,3,333,Average
RANCHIRES07DEL01,0,60,27.25,3,4,2,342,High Frequency
RANCHIRES07DEL02,0,57,27.68421052631579,3,4,1,341,High Frequency
RANCHIRES07DEL03,0,49,25.142857142857142,3,3,4,334,Slow Performer
RANCHIRES08DEL01,0,58,25.896551724137932,3,4,3,343,High Frequency
RANCHIRES08DEL02,0,59,25.93220338983051,3,4,3,343,High Frequency
RANCHIRES08DEL03,0,46,23.58695652173913,3,3,4,334,Slow Performer
RANCHIRES09DEL01,1,53,26.452830188679247,2,3,2,232,Average
RANCHIRES09DEL02,0,61,26.704918032786885,3,4,2,342,High Frequency
RANCHIRES09DEL03,1,45,22.866666666666667,2,3,4,234,Slow Performer
RANCHIRES11DEL01,0,57,25.719298245614034,3,4,3,343,High Frequency
RANCHIRES11DEL02,0,57,25.385964912280702,3,4,3,343,High Frequency
RANCHIRES11DEL03,0,45,26.22222222222222,3,3,3,333,Average
RANCHIRES12DEL01,0,61,26.114754098360656,3,4,3,343,High Frequency
RANCHIRES12DEL02,0,60,25.616666666666667,3,4,3,343,High Frequency
RANCHIRES12DEL03,0,48,26.0,3,3,3,333,Average
RANCHIRES13DEL01,0,62,28.56451612903226,3,4,1,341,High Frequency
RANCHIRES13DEL02,0,56,24.392857142857142,3,4,4,344,High Frequency
RANCHIRES13DEL03,0,39,25.17948717948718,3,2,4,324,Slow Performer
RANCHIRES14DEL01,0,55,25.527272727272727,3,3,3,333,Average
RANCHIRES14DEL02,0,63,25.61904761904762,3,4,3,343,High Frequency
RANCHIRES14DEL03,0,44,26.386363636363637,3,3,2,332,Average
RANCHIRES15DEL01,0,57,27.57894736842105,3,4,1,341,High Frequency
RANCHIRES15DEL02,0,58,27.43103448275862,3,4,2,342,High Frequency
RANCHIRES15DEL03,0,47,24.80851063829787,3,3,4,334,Slow Performer
RANCHIRES16DEL01,0,64,28.796875,3,4,1,341,High Frequency
RANCHIRES16DEL02,0,57,28.105263157894736,3,4,1,341,High Frequency
RANCHIRES16DEL03,0,50,27.14,3,3,2,332,Average
RANCHIRES17DEL01,0,55,25.12727272727273,3,3,4,334,Slow Performer
RANCHIRES17DEL02,0,59,25.491525423728813,3,4,3,343,High Frequency
RANCHIRES17DEL03,0,42,29.285714285714285,3,3,1,331,Average
RANCHIRES18DEL01,1,60,28.183333333333334,2,4,1,241,High Frequency
RANCHIRES18DEL02,0,60,26.25,3,4,3,343,High Frequency
RANCHIRES18DEL03,0,45,25.333333333333332,3,3,3,333,Average
RANCHIRES19DEL01,0,58,27.586206896551722,3,4,1,341,High Frequency
RANCHIRES19DEL02,0,59,25.76271186440678,3,4,3,343,High Frequency
RANCHIRES19DEL03,0,45,24.866666666666667,3,3,4,334,Slow Performer
RANCHIRES20DEL01,0,60,27.183333333333334,3,4,2,342,High Frequency
RANCHIRES20DEL02,0,55,25.054545454545455,3,3,4,334,Slow Performer
RANCHIRES20DEL03,1,42,26.404761904761905,2,3,2,232,Average
SURRES010DEL01,0,58,28.551724137931036,3,4,1,341,High Frequency
SURRES010DEL02,0,63,26.19047619047619,3,4,3,343,High Frequency
SURRES010DEL03,0,46,23.869565217391305,3,3,4,334,Slow Performer
SURRES01DEL01,0,52,27.48076923076923,3,3,1,331,Average
SURRES01DEL02,0,63,25.047619047619047,3,4,4,344,High Frequency
SURRES01DEL03,0,48,25.270833333333332,3,3,3,333,Average
SURRES02DEL01,0,56,25.535714285714285,3,4,3,343,High Frequency
SURRES02DEL02,0,61,25.918032786885245,3,4,3,343,High Frequency
SURRES02DEL03,0,41,24.73170731707317,3,3,4,334,Slow Performer
SURRES03DEL01,0,56,26.214285714285715,3,4,3,343,High Frequency
SURRES03DEL02,0,59,25.949152542372882,3,4,3,343,High Frequency
SURRES03DEL03,1,40,27.075,2,2,2,222,Average
SURRES04DEL01,0,62,27.919354838709676,3,4,1,341,High Frequency
SURRES04DEL02,0,61,25.508196721311474,3,4,3,343,High Frequency
SURRES04DEL03,0,42,25.61904761904762,3,3,3,333,Average
SURRES05DEL01,0,58,25.982758620689655,3,4,3,343,High Frequency
SURRES05DEL02,0,62,25.532258064516128,3,4,3,343,High Frequency
SURRES05DEL03,1,42,24.404761904761905,2,3,4,234,Slow Performer
SURRES06DEL01,0,58,25.67241379310345,3,4,3,343,High Frequency
SURRES06DEL02,0,56,24.375,3,4,4,344,High Frequency
SURRES06DEL03,0,43,25.069767441860463,3,3,4,334,Slow Performer
SURRES07DEL01,0,54,25.703703703703702,3,3,3,333,Average
SURRES07DEL02,0,49,27.3265306122449,3,3,2,332,Average
SURRES07DEL03,1,43,26.813953488372093,2,3,2,232,Average
SURRES08DEL01,0,56,28.303571428571427,3,4,1,341,High Frequency
SURRES08DEL02,0,55,25.581818181818182,3,3,3,333,Average
SURRES08DEL03,0,46,26.956521739130434,3,3,2,332,Average
SURRES09DEL01,0,58,28.155172413793103,3,4,1,341,High Frequency
SURRES09DEL02,0,58,27.896551724137932,3,4,1,341,High Frequency
SURRES09DEL03,0,43,24.41860465116279,3,3,4,334,Slow Performer
SURRES11DEL01,0,65,25.6,3,4,3,343,High Frequency
SURRES11DEL02,0,54,24.555555555555557,3,3,4,334,Slow Performer
SURRES11DEL03,0,40,26.025,3,2,3,323,Average
SURRES12DEL01,1,57,27.31578947368421,2,4,2,242,High Frequency
SURRES12DEL02,0,60,27.7,3,4,1,341,High Frequency
SURRES12DEL03,0,46,23.97826086956522,3,3,4,334,Slow Performer
SURRES13DEL01,0,58,26.32758620689655,3,4,2,342,High Frequency
SURRES13DEL02,0,63,26.142857142857142,3,4,3,343,High Frequency
SURRES13DEL03,1,46,26.369565217391305,2,3,2,232,Average
SURRES14DEL01,0,56,25.642857142857142,3,4,3,343,High Frequency
SURRES14DEL02,0,56,27.696428571428573,3,4,1,341,High Frequency
SURRES14DEL03,1,38,24.31578947368421,2,2,4,224,Slow Performer
SURRES15DEL01,0,56,26.5,3,4,2,342,High Frequency
SURRES15DEL02,0,60,26.2,3,4,3,343,High Frequency
SURRES15DEL03,0,46,27.543478260869566,3,3,1,331,Average
SURRES16DEL01,0,62,23.806451612903224,3,4,4,344,High Frequency
SURRES16DEL02,0,58,24.655172413793103,3,4,4,344,High Frequency
SURRES16DEL03,0,40,26.225,3,2,3,323,Average
SURRES17DEL01,0,60,27.366666666666667,3,4,2,342,High Frequency
SURRES17DEL02,0,60,26.016666666666666,3,4,3,343,High Frequency
SURRES17DEL03,2,41,26.365853658536587,2,3,2,232,Average
SURRES18DEL01,0,57,26.63157894736842,3,4,2,342,High Frequency
SURRES18DEL02,0,56,26.071428571428573,3,4,3,343,High Frequency
SURRES18DEL03,0,43,23.976744186046513,3,3,4,334,Slow Performer
SURRES19DEL01,0,59,28.796610169491526,3,4,1,341,High Frequency
SURRES19DEL02,0,59,24.949152542372882,3,4,4,344,High Frequency
SURRES19DEL03,1,42,26.38095238095238,2,3,2,232,Average
SURRES20DEL01,0,56,25.285714285714285,3,4,3,343,High Frequency
SURRES20DEL02,0,62,25.403225806451612,3,4,3,343,High Frequency
SURRES20DEL03,0,42,25.61904761904762,3,3,3,333,Average
VADRES010DEL01,0,54,25.685185185185187,3,3,3,333,Average
VADRES010DEL02,0,58,25.24137931034483,3,4,3,343,High Frequency
VADRES010DEL03,0,45,26.977777777777778,3,3,2,332,Average
VADRES01DEL01,0,61,28.9672131147541,3,4,1,341,High Frequency
VADRES01DEL02,0,55,24.236363636363638,3,3,4,334,Slow Performer
VADRES01DEL03,0,45,26.68888888888889,3,3,2,332,Average
VADRES02DEL01,0,54,24.796296296296298,3,3,4,334,Slow Performer
VADRES02DEL02,0,62,25.629032258064516,3,4,3,343,High Frequency
VADRES02DEL03,0,42,23.452380952380953,3,3,4,334,Slow Performer
VADRES03DEL01,0,58,24.5,3,4,4,344,High Frequency
VADRES03DEL02,0,61,27.83606557377049,3,4,1,341,High Frequency
VADRES03DEL03,1,46,22.782608695652176,2,3,4,234,Slow Performer
VADRES04DEL01,0,56,25.160714285714285,3,4,4,344,High Frequency
VADRES04DEL02,0,59,26.966101694915253,3,4,2,342,High Frequency
VADRES04DEL03,0,44,27.613636363636363,3,3,1,331,Average
VADRES05DEL01,0,55,27.09090909090909,3,3,2,332,Average
VADRES05DEL02,0,56,24.821428571428573,3,4,4,344,High Frequency
VADRES05DEL03,1,42,26.80952380952381,2,3,2,232,Average
VADRES06DEL01,0,56,28.071428571428573,3,4,1,341,High Frequency
VADRES06DEL02,0,61,26.62295081967213,3,4,2,342,High Frequency
VADRES06DEL03,1,41,25.536585365853657,2,3,3,233,Average
VADRES07DEL01,0,59,27.050847457627118,3,4,2,342,High Frequency
VADRES07DEL02,0,55,26.6,3,3,2,332,Average
VADRES07DEL03,0,44,25.09090909090909,3,3,4,334,Slow Performer
VADRES08DEL01,1,51,25.54901960784314,2,3,3,233,Average
VADRES08DEL02,0,66,25.075757575757574,3,4,4,344,High Frequency
VADRES08DEL03,0,36,25.47222222222222,3,2,3,323,Average
VADRES09DEL01,0,59,26.35593220338983,3,4,2,342,High Frequency
VADRES09DEL02,0,59,25.491525423728813,3,4,3,343,High Frequency
VADRES09DEL03,0,48,25.791666666666668,3,3,3,333,Average
VADRES11DEL01,0,65,27.53846153846154,3,4,1,341,High Frequency
VADRES11DEL02,0,66,29.242424242424242,3,4,1,341,High Frequency
VADRES11DEL03,0,42,27.428571428571427,3,3,2,332,Average
VADRES12DEL01,0,58,26.637931034482758,3,4,2,342,High Frequency
VADRES12DEL02,0,64,26.4375,3,4,2,342,High Frequency
VADRES12DEL03,0,44,25.477272727272727,3,3,3,333,Average
VADRES13DEL01,0,54,27.5,3,3,1,331,Average
VADRES13DEL02,0,54,27.944444444444443,3,3,1,331,Average
VADRES13DEL03,0,38,27.92105263157895,3,2,1,321,Average
VADRES14DEL01,0,65,26.123076923076923,3,4,3,343,High Frequency
VADRES14DEL02,1,55,26.6,2,3,2,232,Average
VADRES14DEL03,1,38,27.05263157894737,2,2,2,222,Average
VADRES15DEL01,0,59,28.16949152542373,3,4,1,341,High Frequency
VADRES15DEL02,0,59,26.11864406779661,3,4,3,343,High Frequency
VADRES15DEL03,0,37,25.27027027027027,3,2,3,323,Average
VADRES16DEL01,0,54,27.037037037037038,3,3,2,332,Average
VADRES16DEL02,0,62,27.370967741935484,3,4,2,342,High Frequency
VADRES16DEL03,0,49,24.408163265306122,3,3,4,334,Slow Performer
VADRES17DEL01,0,54,24.90740740740741,3,3,4,334,Slow Performer
VADRES17DEL02,0,56,25.285714285714285,3,4,3,343,High Frequency
VADRES17DEL03,0,41,27.073170731707318,3,3,2,332,Average
VADRES18DEL01,0,56,25.428571428571427,3,4,3,343,High Frequency
VADRES18DEL02,0,56,26.214285714285715,3,4,3,343,High Frequency
VADRES18DEL03,0,47,24.72340425531915,3,3,4,334,Slow Performer
VADRES19DEL01,0,59,27.406779661016948,3,4,2,342,High Frequency
VADRES19DEL02,0,59,26.915254237288135,3,4,2,342,High Frequency
VADRES19DEL03,0,41,26.24390243902439,3,3,3,333,Average
VADRES20DEL01,0,59,27.016949152542374,3,4,2,342,High Frequency
VADRES20DEL02,0,50,25.66,3,3,3,333,Average
VADRES20DEL03,0,37,26.054054054054053,3,2,3,323,Average
